VENDOR_ID,ADVERTISER,MI_CAMPAIGN_NAME,MEDIA_SUBTYPE,PLAN_LABEL,AUDIENCE,FLIGHT_LABEL,SITE_NAME,DEVICE,CREATIVE_NAME
4032.5.7,away,job,man,teach,Adults 25-44,by,Sky Direct,Unknown,actually
4032.5.7,away,job,man,teach,Adults 25-44,by,Sky Direct,Unknown,hot
4136.9.3,least,growth,man,possible,Adults 25-44,give,Sky Direct,"Desktop, Mobile, Unknown",heavy
3885.3.25,former,account,man,occur,Adults 25-44,other,Sky Direct,"Desktop, Mobile, Unknown",fund
4090.3.3,quickly,scientist,man,rather,Adults 15+,meeting,Sky Direct,"Desktop, Mobile, Unknown",a
4114.19.9,way,assume,man,teach,Housekeepers,behavior,Sky Direct,"Desktop, Mobile, Unknown",social
4110.3.25,way,huge,man,teach,Adults 15+,big,Core - RTE - Tag 38,"Desktop, Mobile, Unknown",ability
4110.3.25,way,huge,man,teach,Adults 15+,big,Sky Direct,"Desktop, Mobile, Unknown",ability
4110.3.25,way,huge,man,teach,Adults 15+,big,Discovery+ Midroll - Tag 4,"Desktop, Mobile, Unknown",ability
4110.3.25,way,huge,man,teach,Adults 15+,big,Core - All4 - Tag 1,"Desktop, Mobile, Unknown",ability
4110.3.25,way,huge,man,teach,Adults 15+,big,Core - Samsung TV - Tag 1,"Desktop, Mobile, Unknown",ability
4110.3.25,way,huge,man,teach,Adults 15+,big,Rakuten - Influent Media -  Tag 1,"Desktop, Mobile, App",ability
4110.3.25,way,huge,man,teach,Adults 15+,big,Core - VMS - Tag 4,"Desktop, Mobile, Unknown",ability
4110.3.25,way,huge,man,teach,Adults 15+,big,ClubberTV - Midroll Tag 3,"Desktop, Mobile, Unknown",ability
3689.6.21,behavior,good,man,citizen,Adults 15+,local,Sky Direct,"Desktop, Mobile, Unknown",federal
4152.10.7,officer,line,man,order,Housekeepers with Children,human,Sky Direct,"Desktop, Mobile, Unknown",check
3750.4.4,suggest,produce,man,Mr,Adults 15+,reality,Sky Direct,"Desktop, Mobile, Unknown",cause
4116.59.35,way,foreign,man,teach,Adults 25-54,language,Sky Direct,"Desktop, Mobile, Unknown",force
3789.52.6,choose,theory,man,field,Adults 25-44,major,Sky Direct,"Desktop, Mobile, Unknown",scientist
3689.6.41,behavior,good,man,citizen,Adults 15+,local,Core - RTE - Tag 39,"Desktop, Mobile, Unknown",sort
3689.6.41,behavior,good,man,citizen,Adults 15+,local,Core - RTE - Tag 39,"Desktop, Mobile, Unknown",field
3689.6.41,behavior,good,man,citizen,Adults 15+,local,Discovery+ Midroll - Tag 4,"Desktop, Mobile, Unknown",field
3689.6.41,behavior,good,man,citizen,Adults 15+,local,Sky Direct,"Desktop, Mobile, Unknown",field
3689.6.41,behavior,good,man,citizen,Adults 15+,local,Sky Direct,"Desktop, Mobile, Unknown",sort
3689.6.41,behavior,good,man,citizen,Adults 15+,local,Discovery+ Midroll - Tag 4,"Desktop, Mobile, Unknown",sort
3689.6.41,behavior,good,man,citizen,Adults 15+,local,Core - VMS - Tag 4,"Desktop, Mobile, Unknown",field
3689.6.41,behavior,good,man,citizen,Adults 15+,local,Core - All4 - Tag 1,"Desktop, Mobile, Unknown",field
3689.6.41,behavior,good,man,citizen,Adults 15+,local,Rakuten - Influent Media -  Tag 1,"Desktop, Mobile, App",field
3689.6.41,behavior,good,man,citizen,Adults 15+,local,ClubberTV - Midroll Tag 2,"Desktop, Mobile, Unknown",field
3689.6.41,behavior,good,man,citizen,Adults 15+,local,ClubberTV - Midroll Tag 2,"Desktop, Mobile, Unknown",sort
3689.6.41,behavior,good,man,citizen,Adults 15+,local,Rakuten - Influent Media -  Tag 1,"Desktop, Mobile, App",sort
3689.6.41,behavior,good,man,citizen,Adults 15+,local,Core - All4 - Tag 1,"Desktop, Mobile, Unknown",sort
3689.6.41,behavior,good,man,citizen,Adults 15+,local,Core - VMS - Tag 4,"Desktop, Mobile, Unknown",sort
3689.6.41,behavior,good,man,citizen,Adults 15+,local,Core - Samsung TV - Tag 3,"Desktop, Mobile, Unknown",sort
3689.6.41,behavior,good,man,citizen,Adults 15+,local,Core - Samsung TV - Tag 3,"Desktop, Mobile, Unknown",field
3689.6.41,behavior,good,man,citizen,Adults 15+,local,Core - RTE - Tag 39,"Desktop, Mobile, Unknown",law
3689.6.41,behavior,good,man,citizen,Adults 15+,local,Core - VMS - Tag 4,"Desktop, Mobile, Unknown",law
3689.6.41,behavior,good,man,citizen,Adults 15+,local,Rakuten - Influent Media -  Tag 1,"Desktop, Mobile, App",law
3689.6.41,behavior,good,man,citizen,Adults 15+,local,ClubberTV - Midroll Tag 2,"Desktop, Mobile, Unknown",law
3689.6.41,behavior,good,man,citizen,Adults 15+,local,Discovery+ Midroll - Tag 4,"Desktop, Mobile, Unknown",law
4119.7.40,way,line,man,end,Adults 25-54,necessary,Core - RTE - Tag 38,"Desktop, Mobile, Unknown",eight
4119.7.40,way,line,man,end,Adults 25-54,necessary,Sky Direct,"Desktop, Mobile, Unknown",eight
4119.7.40,way,line,man,end,Adults 25-54,necessary,Rakuten - Influent Media -  Tag 1,"Desktop, Mobile, App",eight
4119.7.40,way,line,man,end,Adults 25-54,necessary,Core - VMS - Tag 4,"Desktop, Mobile, Unknown",eight
4119.7.40,way,line,man,end,Adults 25-54,necessary,Core - Samsung TV - Tag 1,"Desktop, Mobile, Unknown",eight
4119.7.40,way,line,man,end,Adults 25-54,necessary,Discovery+ Midroll - Tag 4,"Desktop, Mobile, Unknown",eight
4119.7.40,way,line,man,end,Adults 25-54,necessary,Core - All4 - Tag 1,"Desktop, Mobile, Unknown",eight
4119.7.40,way,line,man,end,Adults 25-54,necessary,ClubberTV - Midroll Tag 3,"Desktop, Mobile, Unknown",eight
4181.14.13,Democrat,threat,man,condition,Adults 15-54,cause,MHIE_independent.ie,"Desktop, Mobile, App",day
4181.14.13,Democrat,threat,man,condition,Adults 15-54,cause,Core - RTE - Tag 4,"Desktop, Mobile, Unknown",day
4181.14.13,Democrat,threat,man,condition,Adults 15-54,cause,Dailymail.co.uk,"Desktop, Mobile",day
4181.14.13,Democrat,threat,man,condition,Adults 15-54,cause,evoke.ie,"Desktop, Mobile",day
4181.14.13,Democrat,threat,man,condition,Adults 15-54,cause,extra.ie,"Desktop, Mobile",day
4181.14.13,Democrat,threat,man,condition,Adults 15-54,cause,thejournal.ie,"Desktop, Mobile, App",day
4181.14.13,Democrat,threat,man,condition,Adults 15-54,cause,Trinity Mirror,"Desktop, Mobile, App",day
4181.14.13,Democrat,threat,man,condition,Adults 15-54,cause,Core - VMS - Tag 2,"Desktop, Mobile, Unknown",day
4181.14.13,Democrat,threat,man,condition,Adults 15-54,cause,Soundcloud Video - CORE,"Desktop, Mobile, App",day
4181.14.13,Democrat,threat,man,condition,Adults 15-54,cause,Rakuten - Influent Media -  Tag 4,"Desktop, Mobile, App",day
4181.14.13,Democrat,threat,man,condition,Adults 15-54,cause,Discovery+ Midroll - Tag 4,"Desktop, Mobile, Unknown",day
4181.14.13,Democrat,threat,man,condition,Adults 15-54,cause,Trinity Mirror,"Desktop, Mobile, App",teach
4181.14.13,Democrat,threat,man,condition,Adults 15-54,cause,Dailymail.co.uk,"Desktop, Mobile",teach
4181.14.13,Democrat,threat,man,condition,Adults 15-54,cause,MHIE_independent.ie,"Desktop, Mobile, App",teach
4181.14.13,Democrat,threat,man,condition,Adults 15-54,cause,thejournal.ie,"Desktop, Mobile, App",teach
4181.14.13,Democrat,threat,man,condition,Adults 15-54,cause,extra.ie,"Desktop, Mobile",teach
4181.14.13,Democrat,threat,man,condition,Adults 15-54,cause,evoke.ie,"Desktop, Mobile",teach
4181.14.13,Democrat,threat,man,condition,Adults 15-54,cause,Rakuten - Influent Media -  Tag 4,"Desktop, Mobile, App",teach
4181.14.13,Democrat,threat,man,condition,Adults 15-54,cause,Discovery+ Midroll - Tag 4,"Desktop, Mobile, Unknown",teach
4181.14.13,Democrat,threat,man,condition,Adults 15-54,cause,Soundcloud Video - CORE,"Desktop, Mobile, App",teach
4181.14.13,Democrat,threat,man,condition,Adults 15-54,cause,Core - All4 - Tag 4,"Desktop, Mobile, Unknown",teach
4181.14.13,Democrat,threat,man,condition,Adults 15-54,cause,Core - VMS - Tag 2,"Desktop, Mobile, Unknown",teach
4181.14.13,Democrat,threat,man,condition,Adults 15-54,cause,ClubberTV - Midroll Tag 4,"Desktop, Mobile, Unknown",teach
4004.31.11,treatment,management,man,past,Adults 15-44,animal,Sky Direct,"Desktop, Mobile, Unknown",doctor
4004.31.11,treatment,management,man,past,Adults 15-44,animal,Sky Direct,"Desktop, Mobile, Unknown",sometimes
4016.5.3,eat,anyone,man,guess,Adults 25-44,now,Sky Direct,"Desktop, Mobile, Unknown",develop
4146.6.4,school,movie,man,American,Adults 25-44,how,Sky Direct,"Desktop, Mobile, Unknown",western
4125.16.15,pull,reduce,man,technology,Adults 25-44,popular,Core - RTE - Tag 39,"Desktop, Mobile, Unknown",former
4125.16.15,pull,reduce,man,technology,Adults 25-44,popular,Core - RTE - Tag 39,"Desktop, Mobile, Unknown",however
4125.16.15,pull,reduce,man,technology,Adults 25-44,popular,Core - VMS - Tag 2,"Desktop, Mobile, Unknown",former
4125.16.15,pull,reduce,man,technology,Adults 25-44,popular,ClubberTV - Midroll Tag 3,"Desktop, Mobile, Unknown",however
4125.16.15,pull,reduce,man,technology,Adults 25-44,popular,Core - All4 - Tag 4,"Desktop, Mobile, Unknown",former
4125.16.15,pull,reduce,man,technology,Adults 25-44,popular,Rakuten - Influent Media -  Tag 3,"Desktop, Mobile, App",however
4125.16.15,pull,reduce,man,technology,Adults 25-44,popular,Core - All4 - Tag 4,"Desktop, Mobile, Unknown",however
4125.16.15,pull,reduce,man,technology,Adults 25-44,popular,Core - VMS - Tag 2,"Desktop, Mobile, Unknown",however
4125.16.15,pull,reduce,man,technology,Adults 25-44,popular,ClubberTV - Midroll Tag 3,"Desktop, Mobile, Unknown",former
4125.16.15,pull,reduce,man,technology,Adults 25-44,popular,Rakuten - Influent Media -  Tag 3,"Desktop, Mobile, App",former
4180.42.11,Democrat,home,man,can,Adults 15-44,individual,Core - RTE - Tag 4,"Desktop, Mobile, Unknown",back
4180.42.11,Democrat,home,man,can,Adults 15-44,individual,Dailymail.co.uk,"Desktop, Mobile",back
4180.42.11,Democrat,home,man,can,Adults 15-44,individual,thejournal.ie,"Desktop, Mobile, App",back
4180.42.11,Democrat,home,man,can,Adults 15-44,individual,MHIE_independent.ie,"Desktop, Mobile, App",back
4180.42.11,Democrat,home,man,can,Adults 15-44,individual,extra.ie,"Desktop, Mobile",back
4180.42.11,Democrat,home,man,can,Adults 15-44,individual,Trinity Mirror,"Desktop, Mobile, App",back
4180.42.11,Democrat,home,man,can,Adults 15-44,individual,evoke.ie,"Desktop, Mobile",back
4180.42.11,Democrat,home,man,can,Adults 15-44,individual,Soundcloud Video - CORE,"Desktop, Mobile, App",back
4180.42.11,Democrat,home,man,can,Adults 15-44,individual,Core - VMS - Tag 2,"Desktop, Mobile, Unknown",back
4180.42.11,Democrat,home,man,can,Adults 15-44,individual,Discovery+ Midroll - Tag 4,"Desktop, Mobile, Unknown",back
4180.42.11,Democrat,home,man,can,Adults 15-44,individual,Core - All4 - Tag 4,"Desktop, Mobile, Unknown",back
4180.42.11,Democrat,home,man,can,Adults 15-44,individual,Core - Samsung TV - Tag 4,"Desktop, Mobile, Unknown",back
4180.42.11,Democrat,home,man,can,Adults 15-44,individual,Rakuten - Influent Media -  Tag 4,"Desktop, Mobile, App",back
4180.42.11,Democrat,home,man,can,Adults 15-44,individual,ClubberTV - Midroll Tag 4,"Desktop, Mobile, Unknown",back
3952.38.4,suggest,her,man,computer,Adults 15+,institution,Core - RTE - Tag 4,"Desktop, Mobile, Unknown",effect
3952.38.4,suggest,her,man,computer,Adults 15+,institution,Core - RTE - Tag 4,"Desktop, Mobile, Unknown",member
3952.38.4,suggest,her,man,computer,Adults 15+,institution,Core - RTE - Tag 4,"Desktop, Mobile, Unknown",college
3952.38.4,suggest,her,man,computer,Adults 15+,institution,Core - RTE - Tag 4,"Desktop, Mobile, Unknown",present
3952.38.4,suggest,her,man,computer,Adults 15+,institution,Core- TG4,"Desktop, Mobile, App",member
3952.38.4,suggest,her,man,computer,Adults 15+,institution,Core - All4 - Tag 3,"Desktop, Mobile, Unknown",effect
3952.38.4,suggest,her,man,computer,Adults 15+,institution,Core- TG4,"Desktop, Mobile, App",college
3952.38.4,suggest,her,man,computer,Adults 15+,institution,Sky Direct,"Desktop, Mobile, Unknown",college
3952.38.4,suggest,her,man,computer,Adults 15+,institution,Core - All4 - Tag 3,"Desktop, Mobile, Unknown",college
3952.38.4,suggest,her,man,computer,Adults 15+,institution,Core - All4 - Tag 3,"Desktop, Mobile, Unknown",member
3952.38.4,suggest,her,man,computer,Adults 15+,institution,Core- TG4,"Desktop, Mobile, App",effect
3952.38.4,suggest,her,man,computer,Adults 15+,institution,Core- TG4,"Desktop, Mobile, App",present
3952.38.4,suggest,her,man,computer,Adults 15+,institution,Core - All4 - Tag 3,"Desktop, Mobile, Unknown",present
3952.38.4,suggest,her,man,computer,Adults 15+,institution,Core - Samsung TV - Tag 3,"Desktop, Mobile, Unknown",effect
3952.38.4,suggest,her,man,computer,Adults 15+,institution,Core - Samsung TV - Tag 3,"Desktop, Mobile, Unknown",present
3952.38.4,suggest,her,man,computer,Adults 15+,institution,ClubberTV - Midroll Tag 3,"Desktop, Mobile, Unknown",effect
3952.38.4,suggest,her,man,computer,Adults 15+,institution,Core - Samsung TV - Tag 3,"Desktop, Mobile, Unknown",college
3952.38.4,suggest,her,man,computer,Adults 15+,institution,Core - Samsung TV - Tag 3,"Desktop, Mobile, Unknown",member
3952.38.4,suggest,her,man,computer,Adults 15+,institution,ClubberTV - Midroll Tag 3,"Desktop, Mobile, Unknown",member
3952.38.4,suggest,her,man,computer,Adults 15+,institution,Core - VMS - Tag 1,"Desktop, Mobile, Unknown",effect
3952.38.4,suggest,her,man,computer,Adults 15+,institution,Core - VMS - Tag 1,"Desktop, Mobile, Unknown",college
3952.38.4,suggest,her,man,computer,Adults 15+,institution,Rakuten - Influent Media -  Tag 3,"Desktop, Mobile, App",present
3952.38.4,suggest,her,man,computer,Adults 15+,institution,Core - VMS - Tag 1,"Desktop, Mobile, Unknown",present
3952.38.4,suggest,her,man,computer,Adults 15+,institution,Rakuten - Influent Media -  Tag 3,"Desktop, Mobile, App",effect
3952.38.4,suggest,her,man,computer,Adults 15+,institution,Core - VMS - Tag 1,"Desktop, Mobile, Unknown",member
3952.38.4,suggest,her,man,computer,Adults 15+,institution,Rakuten - Influent Media -  Tag 3,"Desktop, Mobile, App",college
3952.38.4,suggest,her,man,computer,Adults 15+,institution,Rakuten - Influent Media -  Tag 3,"Desktop, Mobile, App",member
3952.38.4,suggest,her,man,computer,Adults 15+,institution,ClubberTV - Midroll Tag 3,"Desktop, Mobile, Unknown",present
3952.38.4,suggest,her,man,computer,Adults 15+,institution,ClubberTV - Midroll Tag 3,"Desktop, Mobile, Unknown",college
4102.20.18,water,it,man,you,Adults 15+,young,Core - RTE - Tag 38,"Desktop, Mobile, Unknown",I
4102.20.18,water,it,man,you,Adults 15+,young,Core - RTE - Tag 38,"Desktop, Mobile, Unknown",sure
4102.20.18,water,it,man,you,Adults 15+,young,Discovery+ Midroll - Tag 3,"Desktop, Mobile, Unknown",I
4102.20.18,water,it,man,you,Adults 15+,young,Discovery+ Midroll - Tag 3,"Desktop, Mobile, Unknown",sure
4102.20.18,water,it,man,you,Adults 15+,young,Core - All4 - Tag 3,"Desktop, Mobile, Unknown",sure
4102.20.18,water,it,man,you,Adults 15+,young,Core - All4 - Tag 3,"Desktop, Mobile, Unknown",I
4102.20.18,water,it,man,you,Adults 15+,young,Sky Direct,"Desktop, Mobile, Unknown",health
4102.20.18,water,it,man,you,Adults 15+,young,Sky Direct,"Desktop, Mobile, Unknown",sure
4102.20.18,water,it,man,you,Adults 15+,young,Trinity Mirror,"Desktop, Mobile, App",I
4102.20.18,water,it,man,you,Adults 15+,young,Trinity Mirror,"Desktop, Mobile, App",health
4102.20.18,water,it,man,you,Adults 15+,young,MHIE_independent.ie,"Desktop, Mobile, App",I
4102.20.18,water,it,man,you,Adults 15+,young,Trinity Mirror,"Desktop, Mobile, App",sure
4102.20.18,water,it,man,you,Adults 15+,young,Core - RTE - Tag 38,"Desktop, Mobile, Unknown",health
4102.20.18,water,it,man,you,Adults 15+,young,MHIE_independent.ie,"Desktop, Mobile, App",sure
4102.20.18,water,it,man,you,Adults 15+,young,Dailymail.co.uk,"Desktop, Mobile",health
4102.20.18,water,it,man,you,Adults 15+,young,Dailymail.co.uk,"Desktop, Mobile",sure
4102.20.18,water,it,man,you,Adults 15+,young,Dailymail.co.uk,"Desktop, Mobile",I
4102.20.18,water,it,man,you,Adults 15+,young,MHIE_independent.ie,"Desktop, Mobile, App",health
4102.20.18,water,it,man,you,Adults 15+,young,thejournal.ie,"Desktop, Mobile, App",health
4102.20.18,water,it,man,you,Adults 15+,young,thejournal.ie,"Desktop, Mobile, App",I
4102.20.18,water,it,man,you,Adults 15+,young,CORE - Sky Publisher Player,"Desktop, Mobile",I
4102.20.18,water,it,man,you,Adults 15+,young,CORE - Sky Publisher Player,"Desktop, Mobile",health
4102.20.18,water,it,man,you,Adults 15+,young,CORE - Sky Publisher Player,"Desktop, Mobile",sure
4102.20.18,water,it,man,you,Adults 15+,young,thejournal.ie,"Desktop, Mobile, App",sure
4102.20.18,water,it,man,you,Adults 15+,young,extra.ie,"Desktop, Mobile",health
4102.20.18,water,it,man,you,Adults 15+,young,evoke.ie,"Desktop, Mobile",I
4102.20.18,water,it,man,you,Adults 15+,young,extra.ie,"Desktop, Mobile",I
4102.20.18,water,it,man,you,Adults 15+,young,extra.ie,"Desktop, Mobile",sure
4102.20.18,water,it,man,you,Adults 15+,young,Core - RTE - Tag 8 - SF,"Desktop, Mobile, Unknown",sure
4102.20.18,water,it,man,you,Adults 15+,young,evoke.ie,"Desktop, Mobile",health
4102.20.18,water,it,man,you,Adults 15+,young,evoke.ie,"Desktop, Mobile",sure
4102.20.18,water,it,man,you,Adults 15+,young,Core - RTE - Tag 8 - SF,"Desktop, Mobile, Unknown",I
4102.20.18,water,it,man,you,Adults 15+,young,Soundcloud Video - CORE,"Desktop, Mobile, App",sure
4102.20.18,water,it,man,you,Adults 15+,young,Rakuten - Influent Media -  Tag 3,"Desktop, Mobile, App",I
4102.20.18,water,it,man,you,Adults 15+,young,Core - Samsung TV - Tag 1,"Desktop, Mobile, Unknown",sure
4102.20.18,water,it,man,you,Adults 15+,young,Core - VMS - Tag 2,"Desktop, Mobile, Unknown",I
4102.20.18,water,it,man,you,Adults 15+,young,CORE - Sky Video Player - SPORTS,"Desktop, Mobile",I
4102.20.18,water,it,man,you,Adults 15+,young,Discovery+ Midroll - Tag 3,"Desktop, Mobile, Unknown",health
4102.20.18,water,it,man,you,Adults 15+,young,Core - VMS - Tag 2,"Desktop, Mobile, Unknown",health
4102.20.18,water,it,man,you,Adults 15+,young,CORE - Sky Video Player - NEWS,"Desktop, Mobile",I
4102.20.18,water,it,man,you,Adults 15+,young,Rakuten - Influent Media -  Tag 3,"Desktop, Mobile, App",health
4102.20.18,water,it,man,you,Adults 15+,young,Core - VMS - Tag 2,"Desktop, Mobile, Unknown",sure
4102.20.18,water,it,man,you,Adults 15+,young,CORE - Sky Video Player - NEWS,"Desktop, Mobile",sure
4102.20.18,water,it,man,you,Adults 15+,young,Core - Samsung TV - Tag 1,"Desktop, Mobile, Unknown",I
4102.20.18,water,it,man,you,Adults 15+,young,Core - All4 - Tag 3,"Desktop, Mobile, Unknown",health
4102.20.18,water,it,man,you,Adults 15+,young,Soundcloud Video - CORE,"Desktop, Mobile, App",health
4102.20.18,water,it,man,you,Adults 15+,young,Soundcloud Video - CORE,"Desktop, Mobile, App",I
4102.20.18,water,it,man,you,Adults 15+,young,Core - Samsung TV - Tag 1,"Desktop, Mobile, Unknown",health
4102.20.18,water,it,man,you,Adults 15+,young,Rakuten - Influent Media -  Tag 3,"Desktop, Mobile, App",sure
4102.20.18,water,it,man,you,Adults 15+,young,CORE - Sky Video Player - SPORTS,"Desktop, Mobile",health
4102.20.18,water,it,man,you,Adults 15+,young,CORE - Sky Video Player - NEWS,"Desktop, Mobile",health
4102.20.18,water,it,man,you,Adults 15+,young,CORE - Sky Video Player - SPORTS,"Desktop, Mobile",sure
4102.20.18,water,it,man,you,Adults 15+,young,ClubberTV - Midroll Tag 4,"Desktop, Mobile, Unknown",sure
4102.20.18,water,it,man,you,Adults 15+,young,ClubberTV - Midroll Tag 4,"Desktop, Mobile, Unknown",I
3885.4.32,former,account,man,occur,Adults 25-44,other,Core - RTE - Tag 39,"Desktop, Mobile, Unknown",son
3885.4.32,former,account,man,occur,Adults 25-44,other,Sky Direct,"Desktop, Mobile, Unknown",son
3885.4.32,former,account,man,occur,Adults 25-44,other,Core - All4 - Tag 2,"Desktop, Mobile, Unknown",son
3885.4.32,former,account,man,occur,Adults 25-44,other,Discovery+ Midroll - Tag 3,"Desktop, Mobile, Unknown",son
3885.4.32,former,account,man,occur,Adults 25-44,other,Rakuten - Influent Media -  Tag 2,"Desktop, Mobile, App",son
3885.4.32,former,account,man,occur,Adults 25-44,other,Core - VMS - Tag 4,"Desktop, Mobile, Unknown",son
3885.4.32,former,account,man,occur,Adults 25-44,other,ClubberTV - Midroll Tag 3,"Desktop, Mobile, Unknown",son
3885.4.32,former,account,man,occur,Adults 25-44,other,Core - Samsung TV - Tag 2,"Desktop, Mobile, Unknown",son
3885.4.32,former,account,man,occur,Adults 25-44,other,LG Instream - Tag 2,"Desktop, Mobile, Unknown",son
4117.28.9,way,more,man,end,Adults 25-54,table,Core - RTE - Tag 38,"Desktop, Mobile, Unknown",have
4117.28.9,way,more,man,end,Adults 25-54,table,LG Instream - Tag 1,"Desktop, Mobile, Unknown",have
4117.28.9,way,more,man,end,Adults 25-54,table,Discovery+ Midroll - Tag 4,"Desktop, Mobile, Unknown",have
4117.28.9,way,more,man,end,Adults 25-54,table,Sky Direct,"Desktop, Mobile, Unknown",have
4117.28.9,way,more,man,end,Adults 25-54,table,Core - All4 - Tag 1,"Desktop, Mobile, Unknown",have
4117.28.9,way,more,man,end,Adults 25-54,table,Core - Samsung TV - Tag 1,"Desktop, Mobile, Unknown",have
4117.28.9,way,more,man,end,Adults 25-54,table,Core - VMS - Tag 4,"Desktop, Mobile, Unknown",have
4117.28.9,way,more,man,end,Adults 25-54,table,Rakuten - Influent Media -  Tag 1,"Desktop, Mobile, App",have
4117.28.9,way,more,man,end,Adults 25-54,table,ClubberTV - Midroll Tag 3,"Desktop, Mobile, Unknown",have
4116.26.41,way,foreign,man,teach,Adults 25-54,institution,Sky Direct,"Desktop, Mobile, Unknown",and
4065.7.60,garden,already,man,point,Adults 18+,today,Core - RTE - Tag 2,"Desktop, Mobile, Unknown",find
4065.7.60,garden,already,man,point,Adults 18+,today,Core - All4 - Tag 2,"Desktop, Mobile, Unknown",find
4065.7.60,garden,already,man,point,Adults 18+,today,Discovery+ Midroll - Tag 2,"Desktop, Mobile, Unknown",find
4065.7.60,garden,already,man,point,Adults 18+,today,Rakuten - Influent Media -  Tag 2,"Desktop, Mobile, App",find
4065.7.60,garden,already,man,point,Adults 18+,today,Core - VMS - Tag 3,"Desktop, Mobile, Unknown",find
4065.7.60,garden,already,man,point,Adults 18+,today,LG Instream - Tag 2,"Desktop, Mobile, Unknown",find
4065.7.60,garden,already,man,point,Adults 18+,today,ClubberTV - Midroll Tag 4,"Desktop, Mobile, Unknown",find
4018.10.6,half,treat,man,tend,Adults 15+,local,Core - RTE - Tag 38,"Desktop, Mobile, Unknown",summer
4018.10.6,half,treat,man,tend,Adults 15+,local,Core - All4 - Tag 1,"Desktop, Mobile, Unknown",summer
4018.10.6,half,treat,man,tend,Adults 15+,local,Core - VMS - Tag 3,"Desktop, Mobile, Unknown",summer
4018.10.6,half,treat,man,tend,Adults 15+,local,Sky Direct,"Desktop, Mobile, Unknown",summer
4118.3.29,way,home,man,end,Adults 25-54,night,Core - RTE - Tag 38,"Desktop, Mobile, Unknown",approach
4118.3.29,way,home,man,end,Adults 25-54,night,Core - VMS - Tag 4,"Desktop, Mobile, Unknown",approach
4118.3.29,way,home,man,end,Adults 25-54,night,Sky Direct,"Desktop, Mobile, Unknown",approach
4118.3.29,way,home,man,end,Adults 25-54,night,Discovery+ Midroll - Tag 4,"Desktop, Mobile, Unknown",approach
4118.3.29,way,home,man,end,Adults 25-54,night,Core - Samsung TV - Tag 1,"Desktop, Mobile, Unknown",approach
4118.3.29,way,home,man,end,Adults 25-54,night,Rakuten - Influent Media -  Tag 1,"Desktop, Mobile, App",approach
4118.3.29,way,home,man,end,Adults 25-54,night,Core - All4 - Tag 1,"Desktop, Mobile, Unknown",approach
4118.3.29,way,home,man,end,Adults 25-54,night,ClubberTV - Midroll Tag 3,"Desktop, Mobile, Unknown",approach
4085.19.5,rise,too,man,which,Adults 25-54,win,Core - RTE - Tag 6 - National Lottery,"Desktop, Mobile, Unknown",service
4085.19.5,rise,too,man,which,Adults 25-54,win,MHIE_independent.ie,"Desktop, Mobile, App",service
4085.19.5,rise,too,man,which,Adults 25-54,win,Dailymail.co.uk,"Desktop, Mobile",service
4085.19.5,rise,too,man,which,Adults 25-54,win,CORE - Sky Publisher Player,"Desktop, Mobile",service
4085.19.5,rise,too,man,which,Adults 25-54,win,Trinity Mirror,"Desktop, Mobile, App",service
4085.19.5,rise,too,man,which,Adults 25-54,win,thejournal.ie,"Desktop, Mobile, App",service
4085.19.5,rise,too,man,which,Adults 25-54,win,evoke.ie,"Desktop, Mobile",service
4085.19.5,rise,too,man,which,Adults 25-54,win,extra.ie,"Desktop, Mobile",service
4085.19.5,rise,too,man,which,Adults 25-54,win,Core - All4 - Tag 4,"Desktop, Mobile, Unknown",service
4085.19.5,rise,too,man,which,Adults 25-54,win,Discovery+ Midroll - Tag 4,"Desktop, Mobile, Unknown",service
4085.19.5,rise,too,man,which,Adults 25-54,win,CORE - Sky Video Player - SPORTS,"Desktop, Mobile",service
4085.19.5,rise,too,man,which,Adults 25-54,win,Soundcloud Video - CORE,"Desktop, Mobile, App",service
4085.19.5,rise,too,man,which,Adults 25-54,win,CORE - Sky Video Player - NEWS,"Desktop, Mobile",service
4085.19.5,rise,too,man,which,Adults 25-54,win,ClubberTV - Midroll Tag 4,"Desktop, Mobile, Unknown",service
4085.19.5,rise,too,man,which,Adults 25-54,win,Core - VMS - Tag 1,"Desktop, Mobile, Unknown",service
4154.8.16,tax,answer,man,model,Adults 15-44,good,thejournal.ie,"Desktop, Mobile, App",entire
4154.8.16,tax,answer,man,model,Adults 15-44,good,thejournal.ie,"Desktop, Mobile, App",suddenly
4154.8.16,tax,answer,man,model,Adults 15-44,good,CORE - Sky Publisher Player,"Desktop, Mobile",entire
4154.8.16,tax,answer,man,model,Adults 15-44,good,thejournal.ie,"Desktop, Mobile, App",prepare
4154.8.16,tax,answer,man,model,Adults 15-44,good,Trinity Mirror,"Desktop, Mobile, App",suddenly
4154.8.16,tax,answer,man,model,Adults 15-44,good,Core - RTE - Tag 8 - SF,"Desktop, Mobile, Unknown",entire
4154.8.16,tax,answer,man,model,Adults 15-44,good,CORE - Sky Publisher Player,"Desktop, Mobile",suddenly
4154.8.16,tax,answer,man,model,Adults 15-44,good,Trinity Mirror,"Desktop, Mobile, App",entire
4154.8.16,tax,answer,man,model,Adults 15-44,good,CORE - Sky Publisher Player,"Desktop, Mobile",prepare
4154.8.16,tax,answer,man,model,Adults 15-44,good,CORE - Sky Video Player - SPORTS,"Desktop, Mobile",entire
4154.8.16,tax,answer,man,model,Adults 15-44,good,Core - VMS - Tag 2,"Desktop, Mobile, Unknown",prepare
4154.8.16,tax,answer,man,model,Adults 15-44,good,Core - All4 - Tag 4,"Desktop, Mobile, Unknown",prepare
4154.8.16,tax,answer,man,model,Adults 15-44,good,Core - Samsung TV - Tag 4,"Desktop, Mobile, Unknown",entire
4154.8.16,tax,answer,man,model,Adults 15-44,good,CORE - Sky Video Player - NEWS,"Desktop, Mobile",entire
4154.8.16,tax,answer,man,model,Adults 15-44,good,Core - VMS - Tag 2,"Desktop, Mobile, Unknown",entire
4154.8.16,tax,answer,man,model,Adults 15-44,good,CORE - Sky Video Player - NEWS,"Desktop, Mobile",prepare
4154.8.16,tax,answer,man,model,Adults 15-44,good,Discovery+ Midroll - Tag 3,"Desktop, Mobile, Unknown",entire
4154.8.16,tax,answer,man,model,Adults 15-44,good,Core - All4 - Tag 6,"Desktop, Mobile, Unknown",prepare
4154.8.16,tax,answer,man,model,Adults 15-44,good,Core - Samsung TV - Tag 4,"Desktop, Mobile, Unknown",prepare
4154.8.16,tax,answer,man,model,Adults 15-44,good,Discovery+ Midroll - Tag 3,"Desktop, Mobile, Unknown",prepare
4154.8.16,tax,answer,man,model,Adults 15-44,good,CORE - Sky Video Player - SPORTS,"Desktop, Mobile",prepare
4154.8.16,tax,answer,man,model,Adults 15-44,good,Core - Samsung TV - Tag 4,"Desktop, Mobile, Unknown",suddenly
4154.8.16,tax,answer,man,model,Adults 15-44,good,CORE - Sky Video Player - NEWS,"Desktop, Mobile",suddenly
4154.8.16,tax,answer,man,model,Adults 15-44,good,CORE - Sky Video Player - SPORTS,"Desktop, Mobile",suddenly
4154.8.16,tax,answer,man,model,Adults 15-44,good,Discovery+ Midroll - Tag 3,"Desktop, Mobile, Unknown",suddenly
4154.8.16,tax,answer,man,model,Adults 15-44,good,Core - VMS - Tag 2,"Desktop, Mobile, Unknown",suddenly
4154.8.16,tax,answer,man,model,Adults 15-44,good,Core - RTE - Tag 38,"Desktop, Mobile, Unknown",prepare
4154.8.16,tax,answer,man,model,Adults 15-44,good,MHIE_independent.ie,"Desktop, Mobile, App",prepare
4154.8.16,tax,answer,man,model,Adults 15-44,good,Core - RTE - Tag 38,"Desktop, Mobile, Unknown",entire
4154.8.16,tax,answer,man,model,Adults 15-44,good,Core - RTE - Tag 38,"Desktop, Mobile, Unknown",suddenly
4154.8.16,tax,answer,man,model,Adults 15-44,good,MHIE_independent.ie,"Desktop, Mobile, App",suddenly
4154.8.16,tax,answer,man,model,Adults 15-44,good,Dailymail.co.uk,"Desktop, Mobile",entire
4154.8.16,tax,answer,man,model,Adults 15-44,good,Dailymail.co.uk,"Desktop, Mobile",prepare
4154.8.16,tax,answer,man,model,Adults 15-44,good,MHIE_independent.ie,"Desktop, Mobile, App",entire
4154.8.16,tax,answer,man,model,Adults 15-44,good,extra.ie,"Desktop, Mobile",entire
4154.8.16,tax,answer,man,model,Adults 15-44,good,Dailymail.co.uk,"Desktop, Mobile",suddenly
4154.8.16,tax,answer,man,model,Adults 15-44,good,evoke.ie,"Desktop, Mobile",prepare
4154.8.16,tax,answer,man,model,Adults 15-44,good,evoke.ie,"Desktop, Mobile",suddenly
4154.8.16,tax,answer,man,model,Adults 15-44,good,evoke.ie,"Desktop, Mobile",entire
4154.8.16,tax,answer,man,model,Adults 15-44,good,extra.ie,"Desktop, Mobile",suddenly
4154.8.16,tax,answer,man,model,Adults 15-44,good,extra.ie,"Desktop, Mobile",prepare
4154.8.16,tax,answer,man,model,Adults 15-44,good,Core - RTE - Tag 8 - SF,"Desktop, Mobile, Unknown",suddenly
4154.8.16,tax,answer,man,model,Adults 15-44,good,Trinity Mirror,"Desktop, Mobile, App",prepare
4154.8.16,tax,answer,man,model,Adults 15-44,good,Soundcloud Video - CORE,"Desktop, Mobile, App",suddenly
4154.8.16,tax,answer,man,model,Adults 15-44,good,Soundcloud Video - CORE,"Desktop, Mobile, App",prepare
4154.8.16,tax,answer,man,model,Adults 15-44,good,ClubberTV - Midroll Tag 4,"Desktop, Mobile, Unknown",suddenly
4154.8.16,tax,answer,man,model,Adults 15-44,good,ClubberTV - Midroll Tag 4,"Desktop, Mobile, Unknown",prepare
4084.60.5,rise,present,man,which,Adults 25-54,trip,Core - RTE - Tag 6 - National Lottery,"Desktop, Mobile, Unknown",indicate
4084.60.5,rise,present,man,which,Adults 25-54,trip,MHIE_independent.ie,"Desktop, Mobile, App",indicate
4084.60.5,rise,present,man,which,Adults 25-54,trip,Dailymail.co.uk,"Desktop, Mobile",indicate
4084.60.5,rise,present,man,which,Adults 25-54,trip,evoke.ie,"Desktop, Mobile",indicate
4084.60.5,rise,present,man,which,Adults 25-54,trip,extra.ie,"Desktop, Mobile",indicate
4084.60.5,rise,present,man,which,Adults 25-54,trip,ClubberTV - Midroll Tag 4,"Desktop, Mobile, Unknown",indicate
4084.60.5,rise,present,man,which,Adults 25-54,trip,Trinity Mirror,"Desktop, Mobile, App",indicate
4084.60.5,rise,present,man,which,Adults 25-54,trip,CORE - Sky Publisher Player,"Desktop, Mobile",indicate
4084.60.5,rise,present,man,which,Adults 25-54,trip,thejournal.ie,"Desktop, Mobile, App",indicate
4084.60.5,rise,present,man,which,Adults 25-54,trip,Discovery+ Midroll - Tag 4,"Desktop, Mobile, Unknown",indicate
4084.60.5,rise,present,man,which,Adults 25-54,trip,Soundcloud Video - CORE,"Desktop, Mobile, App",indicate
4084.60.5,rise,present,man,which,Adults 25-54,trip,CORE - Sky Video Player - NEWS,"Desktop, Mobile",indicate
4084.60.5,rise,present,man,which,Adults 25-54,trip,Core - All4 - Tag 4,"Desktop, Mobile, Unknown",indicate
4084.60.5,rise,present,man,which,Adults 25-54,trip,Core - VMS - Tag 1,"Desktop, Mobile, Unknown",indicate
4084.60.5,rise,present,man,which,Adults 25-54,trip,CORE - Sky Video Player - SPORTS,"Desktop, Mobile",indicate
4279.5.3,your,interest,man,over,Women 15-34,however,Core - RTE - Tag 42,"Desktop, Mobile, Unknown",anyone
4279.5.3,your,interest,man,over,Women 15-34,however,Core - RTE - Tag 42,"Desktop, Mobile, Unknown",argue
4279.5.3,your,interest,man,over,Women 15-34,however,Dailymail.co.uk,"Desktop, Mobile",argue
4279.5.3,your,interest,man,over,Women 15-34,however,Dailymail.co.uk,"Desktop, Mobile",anyone
4279.5.3,your,interest,man,over,Women 15-34,however,thejournal.ie,"Desktop, Mobile, App",anyone
4279.5.3,your,interest,man,over,Women 15-34,however,thejournal.ie,"Desktop, Mobile, App",argue
4279.5.3,your,interest,man,over,Women 15-34,however,Core - RTE - Tag 8 - SF,"Desktop, Mobile, Unknown",anyone
4279.5.3,your,interest,man,over,Women 15-34,however,Core - RTE - Tag 8 - SF,"Desktop, Mobile, Unknown",argue
4279.5.3,your,interest,man,over,Women 15-34,however,Core - All4 - Tag 1,"Desktop, Mobile, Unknown",anyone
4279.5.3,your,interest,man,over,Women 15-34,however,Core - Samsung TV - Tag 4,"Desktop, Mobile, Unknown",anyone
4279.5.3,your,interest,man,over,Women 15-34,however,Discovery+ Midroll - Tag 3,"Desktop, Mobile, Unknown",anyone
4279.5.3,your,interest,man,over,Women 15-34,however,Core - Samsung TV - Tag 4,"Desktop, Mobile, Unknown",argue
4279.5.3,your,interest,man,over,Women 15-34,however,Core - VMS - Tag 4,"Desktop, Mobile, Unknown",anyone
4279.5.3,your,interest,man,over,Women 15-34,however,Soundcloud Video - CORE,"Desktop, Mobile, App",anyone
4279.5.3,your,interest,man,over,Women 15-34,however,Sky Direct,"Desktop, Mobile, Unknown",argue
4279.5.3,your,interest,man,over,Women 15-34,however,Discovery+ Midroll - Tag 3,"Desktop, Mobile, Unknown",argue
4279.5.3,your,interest,man,over,Women 15-34,however,Core - VMS - Tag 4,"Desktop, Mobile, Unknown",argue
4279.5.3,your,interest,man,over,Women 15-34,however,Core - All4 - Tag 1,"Desktop, Mobile, Unknown",argue
4279.5.3,your,interest,man,over,Women 15-34,however,CORE - Sky Publisher Player,"Desktop, Mobile",argue
4279.5.3,your,interest,man,over,Women 15-34,however,CORE - Sky Publisher Player,"Desktop, Mobile",anyone
4279.5.3,your,interest,man,over,Women 15-34,however,CORE - Sky Video Player - NEWS,"Desktop, Mobile",anyone
4279.5.3,your,interest,man,over,Women 15-34,however,CORE - Sky Video Player - NEWS,"Desktop, Mobile",argue
4279.5.3,your,interest,man,over,Women 15-34,however,CORE - Sky Video Player - SPORTS,"Desktop, Mobile",argue
4279.5.3,your,interest,man,over,Women 15-34,however,CORE - Sky Video Player - SPORTS,"Desktop, Mobile",anyone
4279.5.3,your,interest,man,over,Women 15-34,however,Trinity Mirror,"Desktop, Mobile, App",argue
4279.5.3,your,interest,man,over,Women 15-34,however,Trinity Mirror,"Desktop, Mobile, App",anyone
4279.5.3,your,interest,man,over,Women 15-34,however,evoke.ie,"Desktop, Mobile",argue
4279.5.3,your,interest,man,over,Women 15-34,however,evoke.ie,"Desktop, Mobile",anyone
4279.5.3,your,interest,man,over,Women 15-34,however,extra.ie,"Desktop, Mobile",argue
4279.5.3,your,interest,man,over,Women 15-34,however,extra.ie,"Desktop, Mobile",anyone
4279.5.3,your,interest,man,over,Women 15-34,however,MHIE_independent.ie,"Desktop, Mobile, App",argue
4279.5.3,your,interest,man,over,Women 15-34,however,MHIE_independent.ie,"Desktop, Mobile, App",anyone
4279.5.3,your,interest,man,over,Women 15-34,however,ClubberTV - Preroll Tag 1,"Desktop, Mobile, Unknown",argue
4251.5.5,quickly,I,man,tend,Adults 15+,leg,Core - RTE - Tag 1,"Desktop, Mobile, Unknown",material
4251.5.5,quickly,I,man,tend,Adults 15+,leg,Dailymail.co.uk,"Desktop, Mobile",material
4251.5.5,quickly,I,man,tend,Adults 15+,leg,Dailymail.co.uk,"Desktop, Mobile",would
4251.5.5,quickly,I,man,tend,Adults 15+,leg,CORE - Sky Publisher Player,"Desktop, Mobile",material
4251.5.5,quickly,I,man,tend,Adults 15+,leg,CORE - Sky Publisher Player,"Desktop, Mobile",would
4251.5.5,quickly,I,man,tend,Adults 15+,leg,MHIE_independent.ie,"Desktop, Mobile, App",material
4251.5.5,quickly,I,man,tend,Adults 15+,leg,MHIE_independent.ie,"Desktop, Mobile, App",would
4251.5.5,quickly,I,man,tend,Adults 15+,leg,extra.ie,"Desktop, Mobile",would
4251.5.5,quickly,I,man,tend,Adults 15+,leg,extra.ie,"Desktop, Mobile",material
4251.5.5,quickly,I,man,tend,Adults 15+,leg,evoke.ie,"Desktop, Mobile",material
4251.5.5,quickly,I,man,tend,Adults 15+,leg,Trinity Mirror,"Desktop, Mobile, App",would
4251.5.5,quickly,I,man,tend,Adults 15+,leg,Trinity Mirror,"Desktop, Mobile, App",material
4251.5.5,quickly,I,man,tend,Adults 15+,leg,evoke.ie,"Desktop, Mobile",would
4251.5.5,quickly,I,man,tend,Adults 15+,leg,thejournal.ie,"Desktop, Mobile, App",material
4251.5.5,quickly,I,man,tend,Adults 15+,leg,thejournal.ie,"Desktop, Mobile, App",would
4251.5.5,quickly,I,man,tend,Adults 15+,leg,Sky Direct,"Desktop, Mobile, Unknown",material
4251.5.5,quickly,I,man,tend,Adults 15+,leg,LG Instream - Tag 1,"Desktop, Mobile, Unknown",would
4251.5.5,quickly,I,man,tend,Adults 15+,leg,Core - Samsung TV - Tag 1,"Desktop, Mobile, Unknown",material
4251.5.5,quickly,I,man,tend,Adults 15+,leg,Discovery+ Preroll - Tag 1,"Desktop, Mobile, Unknown",material
4251.5.5,quickly,I,man,tend,Adults 15+,leg,CORE - Sky Video Player - SPORTS,"Desktop, Mobile",would
4251.5.5,quickly,I,man,tend,Adults 15+,leg,Core - Samsung TV - Tag 1,"Desktop, Mobile, Unknown",would
4251.5.5,quickly,I,man,tend,Adults 15+,leg,CORE - Sky Video Player - SPORTS,"Desktop, Mobile",material
4251.5.5,quickly,I,man,tend,Adults 15+,leg,CORE - Sky Video Player - NEWS,"Desktop, Mobile",material
4251.5.5,quickly,I,man,tend,Adults 15+,leg,Discovery+ Midroll - Tag 2,"Desktop, Mobile, Unknown",material
4251.5.5,quickly,I,man,tend,Adults 15+,leg,CORE - Sky Video Player - NEWS,"Desktop, Mobile",would
4251.5.5,quickly,I,man,tend,Adults 15+,leg,LG Instream - Tag 1,"Desktop, Mobile, Unknown",material
4251.5.5,quickly,I,man,tend,Adults 15+,leg,Core - VMS - Tag 1,"Desktop, Mobile, Unknown",material
4251.5.5,quickly,I,man,tend,Adults 15+,leg,Core - All4 - Tag 3,"Desktop, Mobile, Unknown",material
4251.5.5,quickly,I,man,tend,Adults 15+,leg,Soundcloud Video - CORE,"Desktop, Mobile, App",would
4251.5.5,quickly,I,man,tend,Adults 15+,leg,Soundcloud Video - CORE,"Desktop, Mobile, App",material
4251.5.5,quickly,I,man,tend,Adults 15+,leg,Rakuten - Influent Media -  Tag 1,"Desktop, Mobile, App",would
4251.5.5,quickly,I,man,tend,Adults 15+,leg,Rakuten - Influent Media -  Tag 1,"Desktop, Mobile, App",material
4189.22.7,pull,ever,man,technology,Adults 35-54,risk,Core - RTE - Tag 39,"Desktop, Mobile, Unknown",machine
4189.22.7,pull,ever,man,technology,Adults 35-54,risk,Core - RTE - Tag 39,"Desktop, Mobile, Unknown",no
4189.22.7,pull,ever,man,technology,Adults 35-54,risk,Core - VMS - Tag 2,"Desktop, Mobile, Unknown",no
4189.22.7,pull,ever,man,technology,Adults 35-54,risk,Core - All4 - Tag 6,"Desktop, Mobile, Unknown",no
4189.22.7,pull,ever,man,technology,Adults 35-54,risk,Core - VMS - Tag 2,"Desktop, Mobile, Unknown",machine
4189.22.7,pull,ever,man,technology,Adults 35-54,risk,Core - All4 - Tag 6,"Desktop, Mobile, Unknown",machine
4189.22.7,pull,ever,man,technology,Adults 35-54,risk,Core - VMS - Tag 2,"Desktop, Mobile, Unknown",consider
4189.22.7,pull,ever,man,technology,Adults 35-54,risk,Core - All4 - Tag 6,"Desktop, Mobile, Unknown",consider
4189.22.7,pull,ever,man,technology,Adults 35-54,risk,Core - RTE - Tag 39,"Desktop, Mobile, Unknown",crime
4189.22.7,pull,ever,man,technology,Adults 35-54,risk,Core - All4 - Tag 6,"Desktop, Mobile, Unknown",crime
4189.22.7,pull,ever,man,technology,Adults 35-54,risk,Core - VMS - Tag 2,"Desktop, Mobile, Unknown",crime
4181.38.3,Democrat,threat,man,condition,Adults 15+,cause,Core - RTE - Tag 4,"Desktop, Mobile, Unknown",day
4181.38.3,Democrat,threat,man,condition,Adults 15+,cause,Dailymail.co.uk,"Desktop, Mobile",teach
4181.38.3,Democrat,threat,man,condition,Adults 15+,cause,MHIE_independent.ie,"Desktop, Mobile, App",teach
4181.38.3,Democrat,threat,man,condition,Adults 15+,cause,CORE - Sky Publisher Player,"Desktop, Mobile",teach
4181.38.3,Democrat,threat,man,condition,Adults 15+,cause,thejournal.ie,"Desktop, Mobile, App",teach
4181.38.3,Democrat,threat,man,condition,Adults 15+,cause,Core - All4 - Tag 4,"Desktop, Mobile, Unknown",teach
4181.38.3,Democrat,threat,man,condition,Adults 15+,cause,Core - VMS - Tag 2,"Desktop, Mobile, Unknown",teach
4181.38.3,Democrat,threat,man,condition,Adults 15+,cause,CORE - Sky Video Player - NEWS,"Desktop, Mobile",teach
4181.38.3,Democrat,threat,man,condition,Adults 15+,cause,Rakuten - Influent Media -  Tag 4,"Desktop, Mobile, App",teach
4181.38.3,Democrat,threat,man,condition,Adults 15+,cause,CORE - Sky Video Player - SPORTS,"Desktop, Mobile",teach
4181.38.3,Democrat,threat,man,condition,Adults 15+,cause,extra.ie,"Desktop, Mobile",teach
4181.38.3,Democrat,threat,man,condition,Adults 15+,cause,evoke.ie,"Desktop, Mobile",teach
4181.38.3,Democrat,threat,man,condition,Adults 15+,cause,Soundcloud Video - CORE,"Desktop, Mobile, App",teach
4122.98.46,under,high,man,care,Adults 15+,table,Core - RTE - Tag 42,"Desktop, Mobile, Unknown",performance
4122.98.46,under,high,man,care,Adults 15+,table,Core - RTE - Tag 8 - SF,"Desktop, Mobile, Unknown",performance
4122.98.46,under,high,man,care,Adults 15+,table,Dailymail.co.uk,"Desktop, Mobile",nearly
4122.98.46,under,high,man,care,Adults 15+,table,Dailymail.co.uk,"Desktop, Mobile",performance
4122.98.46,under,high,man,care,Adults 15+,table,Trinity Mirror,"Desktop, Mobile, App",performance
4122.98.46,under,high,man,care,Adults 15+,table,MHIE_independent.ie,"Desktop, Mobile, App",performance
4122.98.46,under,high,man,care,Adults 15+,table,CORE - Sky Publisher Player,"Desktop, Mobile",performance
4122.98.46,under,high,man,care,Adults 15+,table,CORE - Sky Publisher Player,"Desktop, Mobile",nearly
4122.98.46,under,high,man,care,Adults 15+,table,thejournal.ie,"Desktop, Mobile, App",performance
4122.98.46,under,high,man,care,Adults 15+,table,thejournal.ie,"Desktop, Mobile, App",nearly
4122.98.46,under,high,man,care,Adults 15+,table,CORE - Sky Video Player - SPORTS,"Desktop, Mobile",performance
4122.98.46,under,high,man,care,Adults 15+,table,Core - VMS - Tag 3,"Desktop, Mobile, Unknown",performance
4122.98.46,under,high,man,care,Adults 15+,table,CORE - Sky Video Player - NEWS,"Desktop, Mobile",nearly
4122.98.46,under,high,man,care,Adults 15+,table,CORE - Sky Video Player - NEWS,"Desktop, Mobile",performance
4122.98.46,under,high,man,care,Adults 15+,table,CORE - Sky Video Player - SPORTS,"Desktop, Mobile",nearly
4122.98.46,under,high,man,care,Adults 15+,table,LG Instream - Tag 2,"Desktop, Mobile, Unknown",performance
4122.98.46,under,high,man,care,Adults 15+,table,Core - Samsung TV - Tag 2,"Desktop, Mobile, Unknown",performance
4122.98.46,under,high,man,care,Adults 15+,table,Soundcloud Video - CORE,"Desktop, Mobile, App",performance
4085.25.6,rise,too,man,which,Adults 25-54,win,Core - RTE - Tag 6 - National Lottery,"Desktop, Mobile, Unknown",service
4085.25.6,rise,too,man,which,Adults 25-54,win,Dailymail.co.uk,"Desktop, Mobile",service
4085.25.6,rise,too,man,which,Adults 25-54,win,MHIE_independent.ie,"Desktop, Mobile, App",service
4085.25.6,rise,too,man,which,Adults 25-54,win,Trinity Mirror,"Desktop, Mobile, App",service
4085.25.6,rise,too,man,which,Adults 25-54,win,CORE - Sky Publisher Player,"Desktop, Mobile",service
4085.25.6,rise,too,man,which,Adults 25-54,win,thejournal.ie,"Desktop, Mobile, App",service
4085.25.6,rise,too,man,which,Adults 25-54,win,Soundcloud Video - CORE,"Desktop, Mobile, App",service
4085.25.6,rise,too,man,which,Adults 25-54,win,CORE - Sky Video Player - SPORTS,"Desktop, Mobile",service
4085.25.6,rise,too,man,which,Adults 25-54,win,CORE - Sky Video Player - NEWS,"Desktop, Mobile",service
4085.25.6,rise,too,man,which,Adults 25-54,win,Core - All4 - Tag 4,"Desktop, Mobile, Unknown",service
4085.25.6,rise,too,man,which,Adults 25-54,win,Core - VMS - Tag 1,"Desktop, Mobile, Unknown",service
4085.25.6,rise,too,man,which,Adults 25-54,win,Discovery+ Midroll - Tag 4,"Desktop, Mobile, Unknown",service
4180.43.13,Democrat,home,man,can,Adults 15-44,individual,Dailymail.co.uk,"Desktop, Mobile",away
4180.43.13,Democrat,home,man,can,Adults 15-44,individual,MHIE_independent.ie,"Desktop, Mobile, App",away
4180.43.13,Democrat,home,man,can,Adults 15-44,individual,Trinity Mirror,"Desktop, Mobile, App",away
4180.43.13,Democrat,home,man,can,Adults 15-44,individual,thejournal.ie,"Desktop, Mobile, App",away
4180.43.13,Democrat,home,man,can,Adults 15-44,individual,Core - Samsung TV - Tag 4,"Desktop, Mobile, Unknown",away
4180.43.13,Democrat,home,man,can,Adults 15-44,individual,Soundcloud Video - CORE,"Desktop, Mobile, App",away
4180.43.13,Democrat,home,man,can,Adults 15-44,individual,Discovery+ Midroll - Tag 4,"Desktop, Mobile, Unknown",away
4180.43.13,Democrat,home,man,can,Adults 15-44,individual,Core - All4 - Tag 4,"Desktop, Mobile, Unknown",away
4180.43.13,Democrat,home,man,can,Adults 15-44,individual,Core - VMS - Tag 2,"Desktop, Mobile, Unknown",away
3993.22.5,school,whole,man,street,Adults 25-44,now,Sky Direct,"Desktop, Mobile, Unknown",in
3757.40.23,school,of,man,American,Adults 25-44,light,Sky Direct,"Desktop, Mobile, Unknown",it
4143.3.6,financial,level,man,speak,Adults 35+,want,Sky Direct,"Desktop, Mobile, Unknown",environment
3943.12.7,future,east,man,method,Adults 25-54,happy,Sky Direct,"Desktop, Mobile, Unknown",more
4123.3.3,per,job,man,tend,Women 18-44         ,she,Sky Direct,"Desktop, Mobile, Unknown",care
4123.3.3,per,job,man,tend,Women 18-44         ,she,Sky Direct,"Desktop, Mobile, Unknown",central
4123.3.3,per,job,man,tend,Women 18-44         ,she,Sky Direct,"Desktop, Mobile, Unknown",game
3482.66.77,trial,just,man,strong,ABC1 Adults,happy,Sky Direct,"Desktop, Mobile, Unknown",should
4163.2.9,Democrat,develop,man,tend,Adults 15+,cultural,Sky Direct,"Desktop, Mobile, Unknown",road
3536.84.76,many,plan,man,tend,Adults 25-44,meeting,Sky Direct,"Desktop, Mobile, Unknown",support
4117.5.9,way,more,man,end,Adults 25-54,table,Sky Direct,"Desktop, Mobile, Unknown",have
4040.33.11,response,good,man,off,Adults 15+,popular,Sky Direct,"Desktop, Mobile, Unknown",spring
4040.33.11,response,good,man,off,Adults 15+,popular,Sky Direct,"Desktop, Mobile, Unknown",a
3993.7.10,school,whole,man,street,Adults 25-44,now,Core - RTE - Tag 1,"Desktop, Mobile, Unknown",significant
3993.7.10,school,whole,man,street,Adults 25-44,now,CORE - Sky Publisher Player,"Desktop, Mobile",significant
3993.7.10,school,whole,man,street,Adults 25-44,now,Dailymail.co.uk,"Desktop, Mobile",significant
3993.7.10,school,whole,man,street,Adults 25-44,now,MHIE_independent.ie,"Desktop, Mobile, App",significant
3993.7.10,school,whole,man,street,Adults 25-44,now,extra.ie,"Desktop, Mobile",significant
3993.7.10,school,whole,man,street,Adults 25-44,now,evoke.ie,"Desktop, Mobile",significant
3993.7.10,school,whole,man,street,Adults 25-44,now,Trinity Mirror,"Desktop, Mobile, App",significant
3993.7.10,school,whole,man,street,Adults 25-44,now,thejournal.ie,"Desktop, Mobile, App",significant
3993.7.10,school,whole,man,street,Adults 25-44,now,Soundcloud Video - CORE,"Desktop, Mobile, App",significant
3993.7.10,school,whole,man,street,Adults 25-44,now,Core - All4 - Tag 3,"Desktop, Mobile, Unknown",significant
3993.7.10,school,whole,man,street,Adults 25-44,now,Sky Direct,"Desktop, Mobile, Unknown",significant
3993.7.10,school,whole,man,street,Adults 25-44,now,Rakuten - Influent Media -  Tag 1,"Desktop, Mobile, App",significant
3993.7.10,school,whole,man,street,Adults 25-44,now,Core - VMS - Tag 1,"Desktop, Mobile, Unknown",significant
3993.7.10,school,whole,man,street,Adults 25-44,now,CORE - Sky Video Player - SPORTS,"Desktop, Mobile",significant
3993.7.10,school,whole,man,street,Adults 25-44,now,CORE - Sky Video Player - NEWS,"Desktop, Mobile",significant
3993.7.10,school,whole,man,street,Adults 25-44,now,ClubberTV - Preroll Tag 1,"Desktop, Mobile, Unknown",significant
3993.7.10,school,whole,man,street,Adults 25-44,now,Discovery+ Preroll - Tag 1,"Desktop, Mobile, Unknown",significant
3993.7.10,school,whole,man,street,Adults 25-44,now,Discovery+ Midroll - Tag 2,"Desktop, Mobile, Unknown",significant
3993.7.10,school,whole,man,street,Adults 25-44,now,Core - Samsung TV - Tag 1,"Desktop, Mobile, Unknown",significant
4188.4.5,quickly,upon,man,rather,Adults 15+,why,Sky Direct,"Desktop, Mobile, Unknown",recently
4105.5.7,writer,very,man,rest,ABC1 Adults,here,Sky Direct,"Desktop, Mobile, Unknown",want
4115.6.97,way,why,man,teach,Adults 25+,experience,Sky Direct,"Desktop, Mobile, Unknown",exist
4116.59.43,way,foreign,man,teach,Adults 25-54,language,Core - RTE - Tag 38,"Desktop, Mobile, Unknown",force
4116.59.43,way,foreign,man,teach,Adults 25-54,language,Discovery+ Midroll - Tag 4,"Desktop, Mobile, Unknown",force
4116.59.43,way,foreign,man,teach,Adults 25-54,language,Sky Direct,"Desktop, Mobile, Unknown",force
4116.59.43,way,foreign,man,teach,Adults 25-54,language,Core - All4 - Tag 1,"Desktop, Mobile, Unknown",force
4116.59.43,way,foreign,man,teach,Adults 25-54,language,Core - VMS - Tag 4,"Desktop, Mobile, Unknown",force
4116.59.43,way,foreign,man,teach,Adults 25-54,language,Core - Samsung TV - Tag 1,"Desktop, Mobile, Unknown",force
4116.59.43,way,foreign,man,teach,Adults 25-54,language,Rakuten - Influent Media -  Tag 1,"Desktop, Mobile, App",force
4116.59.43,way,foreign,man,teach,Adults 25-54,language,ClubberTV - Midroll Tag 3,"Desktop, Mobile, Unknown",force
3920.31.13,leg,major,man,tend,Adults 25-54,few,Sky Direct,"Desktop, Mobile, Unknown",write
4121.3.25,way,answer,man,end,Adults 25-54,hard,Core - RTE - Tag 38,"Desktop, Mobile, Unknown",successful
4121.3.25,way,answer,man,end,Adults 25-54,hard,Core - Samsung TV - Tag 1,"Desktop, Mobile, Unknown",successful
4121.3.25,way,answer,man,end,Adults 25-54,hard,Sky Direct,"Desktop, Mobile, Unknown",successful
4121.3.25,way,answer,man,end,Adults 25-54,hard,LG Instream - Tag 1,"Desktop, Mobile, Unknown",successful
4121.3.25,way,answer,man,end,Adults 25-54,hard,Discovery+ Midroll - Tag 4,"Desktop, Mobile, Unknown",successful
4121.3.25,way,answer,man,end,Adults 25-54,hard,Core - VMS - Tag 4,"Desktop, Mobile, Unknown",successful
4121.3.25,way,answer,man,end,Adults 25-54,hard,Core - All4 - Tag 1,"Desktop, Mobile, Unknown",successful
4121.3.25,way,answer,man,end,Adults 25-54,hard,Rakuten - Influent Media -  Tag 1,"Desktop, Mobile, App",successful
4121.3.25,way,answer,man,end,Adults 25-54,hard,ClubberTV - Midroll Tag 3,"Desktop, Mobile, Unknown",successful
4159.44.9,us,hospital,man,American,Adults 25-44,early,Sky Direct,"Desktop, Mobile, Unknown",despite
4159.44.9,us,hospital,man,American,Adults 25-44,early,Sky Direct,"Desktop, Mobile, Unknown",its
4119.4.9,way,line,man,end,Adults 25-54,analysis,Sky Direct,"Desktop, Mobile, Unknown",need
4119.4.13,way,line,man,end,Adults 25-54,analysis,ClubberTV - Midroll Tag 3,"Desktop, Mobile, Unknown",class
4119.4.13,way,line,man,end,Adults 25-54,analysis,Core - VMS - Tag 4,"Desktop, Mobile, Unknown",class
4004.31.17,treatment,management,man,past,Adults 15-44,animal,Core - All4 - Tag 2,"Desktop, Mobile, Unknown",determine
4004.31.17,treatment,management,man,past,Adults 15-44,animal,ClubberTV - Midroll Tag 2,"Desktop, Mobile, Unknown",determine
4004.31.17,treatment,management,man,past,Adults 15-44,animal,Discovery+ Midroll - Tag 2,"Desktop, Mobile, Unknown",drive
4004.31.17,treatment,management,man,past,Adults 15-44,animal,Rakuten - Influent Media -  Tag 2,"Desktop, Mobile, App",determine
4004.31.17,treatment,management,man,past,Adults 15-44,animal,Core - All4 - Tag 2,"Desktop, Mobile, Unknown",drive
4004.31.17,treatment,management,man,past,Adults 15-44,animal,Rakuten - Influent Media -  Tag 2,"Desktop, Mobile, App",drive
4004.31.17,treatment,management,man,past,Adults 15-44,animal,ClubberTV - Midroll Tag 2,"Desktop, Mobile, Unknown",drive
4004.31.17,treatment,management,man,past,Adults 15-44,animal,Discovery+ Midroll - Tag 2,"Desktop, Mobile, Unknown",determine
4004.31.17,treatment,management,man,past,Adults 15-44,animal,Core - RTE - Tag 2,"Desktop, Mobile, Unknown",drive
4004.31.17,treatment,management,man,past,Adults 15-44,animal,Core - RTE - Tag 2,"Desktop, Mobile, Unknown",determine
4004.31.17,treatment,management,man,past,Adults 15-44,animal,Trinity Mirror,"Desktop, Mobile, App",drive
4004.31.17,treatment,management,man,past,Adults 15-44,animal,Trinity Mirror,"Desktop, Mobile, App",determine
4004.31.17,treatment,management,man,past,Adults 15-44,animal,MHIE_independent.ie,"Desktop, Mobile, App",drive
4004.31.17,treatment,management,man,past,Adults 15-44,animal,MHIE_independent.ie,"Desktop, Mobile, App",determine
4004.31.17,treatment,management,man,past,Adults 15-44,animal,CORE - Sky Publisher Player,"Desktop, Mobile",drive
4004.31.17,treatment,management,man,past,Adults 15-44,animal,CORE - Sky Publisher Player,"Desktop, Mobile",determine
4004.31.17,treatment,management,man,past,Adults 15-44,animal,evoke.ie,"Desktop, Mobile",drive
4004.31.17,treatment,management,man,past,Adults 15-44,animal,evoke.ie,"Desktop, Mobile",determine
4004.31.17,treatment,management,man,past,Adults 15-44,animal,Dailymail.co.uk,"Desktop, Mobile",determine
4004.31.17,treatment,management,man,past,Adults 15-44,animal,extra.ie,"Desktop, Mobile",drive
4004.31.17,treatment,management,man,past,Adults 15-44,animal,Dailymail.co.uk,"Desktop, Mobile",drive
4004.31.17,treatment,management,man,past,Adults 15-44,animal,extra.ie,"Desktop, Mobile",determine
4004.31.17,treatment,management,man,past,Adults 15-44,animal,thejournal.ie,"Desktop, Mobile, App",drive
4004.31.17,treatment,management,man,past,Adults 15-44,animal,thejournal.ie,"Desktop, Mobile, App",determine
4004.31.17,treatment,management,man,past,Adults 15-44,animal,Core - RTE - Tag 8 - SF,"Desktop, Mobile, Unknown",determine
4004.31.17,treatment,management,man,past,Adults 15-44,animal,Core - RTE - Tag 8 - SF,"Desktop, Mobile, Unknown",drive
4004.31.17,treatment,management,man,past,Adults 15-44,animal,Soundcloud Video - CORE,"Desktop, Mobile, App",determine
4004.31.17,treatment,management,man,past,Adults 15-44,animal,CORE - Sky Video Player - SPORTS,"Desktop, Mobile",drive
4004.31.17,treatment,management,man,past,Adults 15-44,animal,CORE - Sky Video Player - NEWS,"Desktop, Mobile",drive
4004.31.17,treatment,management,man,past,Adults 15-44,animal,Soundcloud Video - CORE,"Desktop, Mobile, App",drive
4004.31.17,treatment,management,man,past,Adults 15-44,animal,Core - VMS - Tag 3,"Desktop, Mobile, Unknown",drive
4004.31.17,treatment,management,man,past,Adults 15-44,animal,CORE - Sky Video Player - SPORTS,"Desktop, Mobile",determine
4004.31.17,treatment,management,man,past,Adults 15-44,animal,CORE - Sky Video Player - NEWS,"Desktop, Mobile",determine
4004.31.17,treatment,management,man,past,Adults 15-44,animal,Core - VMS - Tag 3,"Desktop, Mobile, Unknown",determine
4092.12.23,federal,kid,man,however,ABC1 Adults,family,Core - RTE - Tag 39,"Desktop, Mobile, Unknown",pattern
4092.12.23,federal,kid,man,however,ABC1 Adults,family,Core - All4 - Tag 1,"Desktop, Mobile, Unknown",pattern
4092.12.23,federal,kid,man,however,ABC1 Adults,family,Rakuten - Influent Media -  Tag 1,"Desktop, Mobile, App",pattern
4092.12.23,federal,kid,man,however,ABC1 Adults,family,Sky Direct,"Desktop, Mobile, Unknown",pattern
4092.12.23,federal,kid,man,however,ABC1 Adults,family,Core - VMS - Tag 4,"Desktop, Mobile, Unknown",pattern
4092.12.23,federal,kid,man,however,ABC1 Adults,family,LG Instream - Tag 1,"Desktop, Mobile, Unknown",pattern
4092.12.23,federal,kid,man,however,ABC1 Adults,family,Core - Samsung TV - Tag 3,"Desktop, Mobile, Unknown",pattern
3952.37.4,suggest,her,man,computer,Adults 15+,institution,Sky Direct,"Desktop, Mobile, Unknown",college
4164.3.11,your,rest,man,toward,Women 25-44,section,Core - RTE - Tag 42,"Desktop, Mobile, Unknown",gas
4164.3.11,your,rest,man,toward,Women 25-44,section,Dailymail.co.uk,"Desktop, Mobile",gas
4164.3.11,your,rest,man,toward,Women 25-44,section,Core - VMS - Tag 4,"Desktop, Mobile, Unknown",gas
4164.3.11,your,rest,man,toward,Women 25-44,section,Soundcloud Video - CORE,"Desktop, Mobile, App",gas
4164.3.11,your,rest,man,toward,Women 25-44,section,Core - Samsung TV - Tag 4,"Desktop, Mobile, Unknown",gas
4164.3.11,your,rest,man,toward,Women 25-44,section,Sky Direct,"Desktop, Mobile, Unknown",gas
4164.3.11,your,rest,man,toward,Women 25-44,section,Discovery+ Midroll - Tag 3,"Desktop, Mobile, Unknown",gas
4164.3.11,your,rest,man,toward,Women 25-44,section,extra.ie,"Desktop, Mobile",gas
4164.3.11,your,rest,man,toward,Women 25-44,section,evoke.ie,"Desktop, Mobile",gas
4164.3.11,your,rest,man,toward,Women 25-44,section,MHIE_independent.ie,"Desktop, Mobile, App",gas
4164.3.11,your,rest,man,toward,Women 25-44,section,Trinity Mirror,"Desktop, Mobile, App",gas
4164.3.11,your,rest,man,toward,Women 25-44,section,CORE - Sky Publisher Player,"Desktop, Mobile",gas
4164.3.11,your,rest,man,toward,Women 25-44,section,thejournal.ie,"Desktop, Mobile, App",gas
4164.3.11,your,rest,man,toward,Women 25-44,section,CORE - Sky Video Player - NEWS,"Desktop, Mobile",gas
4164.3.11,your,rest,man,toward,Women 25-44,section,Rakuten - Influent Media -  Tag 1,"Desktop, Mobile, App",gas
4164.3.11,your,rest,man,toward,Women 25-44,section,Core - All4 - Tag 1,"Desktop, Mobile, Unknown",gas
4164.3.11,your,rest,man,toward,Women 25-44,section,CORE - Sky Video Player - SPORTS,"Desktop, Mobile",gas
4164.3.11,your,rest,man,toward,Women 25-44,section,ClubberTV - Preroll Tag 1,"Desktop, Mobile, Unknown",gas
4084.64.6,rise,present,man,which,Adults 25-54,trip,Sky Direct,"Desktop, Mobile, Unknown",indicate
4084.56.6,rise,present,man,which,Adults 25-54,trip,Sky Direct,"Desktop, Mobile, Unknown",indicate
4084.65.6,rise,present,man,which,Adults 25-54,trip,Sky Direct,"Desktop, Mobile, Unknown",indicate
4176.8.16,drop,claim,man,religious,Adults 15-44,relate,Core - RTE - Tag 1,"Desktop, Mobile, Unknown",action
4176.8.16,drop,claim,man,religious,Adults 15-44,relate,Core - RTE - Tag 1,"Desktop, Mobile, Unknown",threat
4176.8.16,drop,claim,man,religious,Adults 15-44,relate,Trinity Mirror,"Desktop, Mobile, App",action
4176.8.16,drop,claim,man,religious,Adults 15-44,relate,Trinity Mirror,"Desktop, Mobile, App",threat
4176.8.16,drop,claim,man,religious,Adults 15-44,relate,MHIE_independent.ie,"Desktop, Mobile, App",threat
4176.8.16,drop,claim,man,religious,Adults 15-44,relate,MHIE_independent.ie,"Desktop, Mobile, App",action
4176.8.16,drop,claim,man,religious,Adults 15-44,relate,Dailymail.co.uk,"Desktop, Mobile",threat
4176.8.16,drop,claim,man,religious,Adults 15-44,relate,extra.ie,"Desktop, Mobile",threat
4176.8.16,drop,claim,man,religious,Adults 15-44,relate,CORE - Sky Publisher Player,"Desktop, Mobile",action
4176.8.16,drop,claim,man,religious,Adults 15-44,relate,CORE - Sky Publisher Player,"Desktop, Mobile",threat
4176.8.16,drop,claim,man,religious,Adults 15-44,relate,Dailymail.co.uk,"Desktop, Mobile",action
4176.8.16,drop,claim,man,religious,Adults 15-44,relate,extra.ie,"Desktop, Mobile",action
4176.8.16,drop,claim,man,religious,Adults 15-44,relate,evoke.ie,"Desktop, Mobile",action
4176.8.16,drop,claim,man,religious,Adults 15-44,relate,evoke.ie,"Desktop, Mobile",threat
4176.8.16,drop,claim,man,religious,Adults 15-44,relate,thejournal.ie,"Desktop, Mobile, App",threat
4176.8.16,drop,claim,man,religious,Adults 15-44,relate,thejournal.ie,"Desktop, Mobile, App",action
4176.8.16,drop,claim,man,religious,Adults 15-44,relate,Core - RTE - Tag 8 - SF,"Desktop, Mobile, Unknown",action
4176.8.16,drop,claim,man,religious,Adults 15-44,relate,Core - RTE - Tag 8 - SF,"Desktop, Mobile, Unknown",threat
4176.8.16,drop,claim,man,religious,Adults 15-44,relate,Core - VMS - Tag 1,"Desktop, Mobile, Unknown",action
4176.8.16,drop,claim,man,religious,Adults 15-44,relate,Core - All4 - Tag 3,"Desktop, Mobile, Unknown",threat
4176.8.16,drop,claim,man,religious,Adults 15-44,relate,Core - All4 - Tag 3,"Desktop, Mobile, Unknown",action
4176.8.16,drop,claim,man,religious,Adults 15-44,relate,CORE - Sky Video Player - NEWS,"Desktop, Mobile",action
4176.8.16,drop,claim,man,religious,Adults 15-44,relate,CORE - Sky Video Player - SPORTS,"Desktop, Mobile",threat
4176.8.16,drop,claim,man,religious,Adults 15-44,relate,Discovery+ Midroll - Tag 2,"Desktop, Mobile, Unknown",action
4176.8.16,drop,claim,man,religious,Adults 15-44,relate,Rakuten - Influent Media -  Tag 1,"Desktop, Mobile, App",threat
4176.8.16,drop,claim,man,religious,Adults 15-44,relate,Discovery+ Midroll - Tag 2,"Desktop, Mobile, Unknown",threat
4176.8.16,drop,claim,man,religious,Adults 15-44,relate,CORE - Sky Video Player - NEWS,"Desktop, Mobile",threat
4176.8.16,drop,claim,man,religious,Adults 15-44,relate,Core - VMS - Tag 1,"Desktop, Mobile, Unknown",threat
4176.8.16,drop,claim,man,religious,Adults 15-44,relate,Core - Samsung TV - Tag 1,"Desktop, Mobile, Unknown",action
4176.8.16,drop,claim,man,religious,Adults 15-44,relate,Core - Samsung TV - Tag 1,"Desktop, Mobile, Unknown",threat
4176.8.16,drop,claim,man,religious,Adults 15-44,relate,Soundcloud Video - CORE,"Desktop, Mobile, App",action
4176.8.16,drop,claim,man,religious,Adults 15-44,relate,Discovery+ Preroll - Tag 1,"Desktop, Mobile, Unknown",threat
4176.8.16,drop,claim,man,religious,Adults 15-44,relate,Discovery+ Preroll - Tag 1,"Desktop, Mobile, Unknown",action
4176.8.16,drop,claim,man,religious,Adults 15-44,relate,CORE - Sky Video Player - SPORTS,"Desktop, Mobile",action
4176.8.16,drop,claim,man,religious,Adults 15-44,relate,Rakuten - Influent Media -  Tag 1,"Desktop, Mobile, App",action
4176.8.16,drop,claim,man,religious,Adults 15-44,relate,Soundcloud Video - CORE,"Desktop, Mobile, App",threat
4176.8.16,drop,claim,man,religious,Adults 15-44,relate,Sky Direct,"Desktop, Mobile, Unknown",threat
4176.8.16,drop,claim,man,religious,Adults 15-44,relate,ClubberTV - Preroll Tag 1,"Desktop, Mobile, Unknown",action
4176.8.16,drop,claim,man,religious,Adults 15-44,relate,ClubberTV - Preroll Tag 1,"Desktop, Mobile, Unknown",threat
4122.95.26,under,high,man,care,Adults 15+,table,Trinity Mirror,"Desktop, Mobile, App",commercial
4122.95.26,under,high,man,care,Adults 15+,table,Core - RTE - Tag 43,"Desktop, Mobile, Unknown",commercial
4122.95.26,under,high,man,care,Adults 15+,table,MHIE_independent.ie,"Desktop, Mobile, App",commercial
4122.95.26,under,high,man,care,Adults 15+,table,Dailymail.co.uk,"Desktop, Mobile",commercial
4122.95.26,under,high,man,care,Adults 15+,table,extra.ie,"Desktop, Mobile",commercial
4122.95.26,under,high,man,care,Adults 15+,table,CORE - Sky Publisher Player,"Desktop, Mobile",commercial
4122.95.26,under,high,man,care,Adults 15+,table,evoke.ie,"Desktop, Mobile",commercial
4122.95.26,under,high,man,care,Adults 15+,table,thejournal.ie,"Desktop, Mobile, App",commercial
4122.95.26,under,high,man,care,Adults 15+,table,Core - RTE - Tag 8 - SF,"Desktop, Mobile, Unknown",commercial
4122.95.26,under,high,man,care,Adults 15+,table,Rakuten - Influent Media -  Tag 2,"Desktop, Mobile, App",commercial
4122.95.26,under,high,man,care,Adults 15+,table,CORE - Sky Video Player - SPORTS,"Desktop, Mobile",commercial
4122.95.26,under,high,man,care,Adults 15+,table,Soundcloud Video - CORE,"Desktop, Mobile, App",commercial
4122.95.26,under,high,man,care,Adults 15+,table,CORE - Sky Video Player - NEWS,"Desktop, Mobile",commercial
4122.95.26,under,high,man,care,Adults 15+,table,Core - VMS - Tag 3,"Desktop, Mobile, Unknown",commercial
4122.95.26,under,high,man,care,Adults 15+,table,MHIE_independent.ie,"Desktop, Mobile, App",into
4122.95.26,under,high,man,care,Adults 15+,table,extra.ie,"Desktop, Mobile",into
4122.95.26,under,high,man,care,Adults 15+,table,evoke.ie,"Desktop, Mobile",into
4122.95.26,under,high,man,care,Adults 15+,table,Dailymail.co.uk,"Desktop, Mobile",into
4122.95.26,under,high,man,care,Adults 15+,table,CORE - Sky Publisher Player,"Desktop, Mobile",into
4122.95.26,under,high,man,care,Adults 15+,table,thejournal.ie,"Desktop, Mobile, App",into
4122.95.26,under,high,man,care,Adults 15+,table,Core - RTE - Tag 8 - SF,"Desktop, Mobile, Unknown",into
4122.95.26,under,high,man,care,Adults 15+,table,Trinity Mirror,"Desktop, Mobile, App",into
4122.95.26,under,high,man,care,Adults 15+,table,CORE - Sky Video Player - SPORTS,"Desktop, Mobile",into
4122.95.26,under,high,man,care,Adults 15+,table,Rakuten - Influent Media -  Tag 2,"Desktop, Mobile, App",into
4122.95.26,under,high,man,care,Adults 15+,table,Core - All4 - Tag 2,"Desktop, Mobile, Unknown",into
4122.95.26,under,high,man,care,Adults 15+,table,CORE - Sky Video Player - NEWS,"Desktop, Mobile",into
4122.95.26,under,high,man,care,Adults 15+,table,Soundcloud Video - CORE,"Desktop, Mobile, App",into
4122.95.26,under,high,man,care,Adults 15+,table,Core - VMS - Tag 3,"Desktop, Mobile, Unknown",into
4122.95.26,under,high,man,care,Adults 15+,table,ClubberTV - Midroll Tag 4,"Desktop, Mobile, Unknown",commercial
4109.3.17,way,blood,man,teach,Adults 15+,family,Sky Direct,"Desktop, Mobile, Unknown",information
4085.30.6,rise,too,man,which,Adults 25-54,win,Sky Direct,"Desktop, Mobile, Unknown",service
4132.3.7,school,never,man,American,Adults 25-44,relate,MHIE_independent.ie,"Desktop, Mobile, App",range
4132.3.7,school,never,man,American,Adults 25-44,relate,Dailymail.co.uk,"Desktop, Mobile",range
4132.3.7,school,never,man,American,Adults 25-44,relate,extra.ie,"Desktop, Mobile",range
4132.3.7,school,never,man,American,Adults 25-44,relate,CORE - Sky Publisher Player,"Desktop, Mobile",range
4132.3.7,school,never,man,American,Adults 25-44,relate,evoke.ie,"Desktop, Mobile",range
4132.3.7,school,never,man,American,Adults 25-44,relate,thejournal.ie,"Desktop, Mobile, App",range
4132.3.7,school,never,man,American,Adults 25-44,relate,Core - RTE - Tag 1,"Desktop, Mobile, Unknown",range
4132.3.7,school,never,man,American,Adults 25-44,relate,Trinity Mirror,"Desktop, Mobile, App",range
4132.3.7,school,never,man,American,Adults 25-44,relate,Discovery+ Midroll - Tag 2,"Desktop, Mobile, Unknown",range
4132.3.7,school,never,man,American,Adults 25-44,relate,CORE - Sky Video Player - SPORTS,"Desktop, Mobile",range
4132.3.7,school,never,man,American,Adults 25-44,relate,Discovery+ Preroll - Tag 1,"Desktop, Mobile, Unknown",range
4132.3.7,school,never,man,American,Adults 25-44,relate,CORE - Sky Video Player - NEWS,"Desktop, Mobile",range
4132.3.7,school,never,man,American,Adults 25-44,relate,Core - VMS - Tag 1,"Desktop, Mobile, Unknown",range
4132.3.7,school,never,man,American,Adults 25-44,relate,Sky Direct,"Desktop, Mobile, Unknown",range
4132.3.7,school,never,man,American,Adults 25-44,relate,Rakuten - Influent Media -  Tag 1,"Desktop, Mobile, App",range
4132.3.7,school,never,man,American,Adults 25-44,relate,Core - All4 - Tag 3,"Desktop, Mobile, Unknown",range
4132.3.7,school,never,man,American,Adults 25-44,relate,Soundcloud Video - CORE,"Desktop, Mobile, App",range
4132.3.7,school,never,man,American,Adults 25-44,relate,LG Instream - Tag 1,"Desktop, Mobile, Unknown",range
4132.3.7,school,never,man,American,Adults 25-44,relate,Core - Samsung TV - Tag 1,"Desktop, Mobile, Unknown",range
4132.3.7,school,never,man,American,Adults 25-44,relate,ClubberTV - Preroll Tag 1,"Desktop, Mobile, Unknown",range
3890.14.5,former,use,man,occur,Adults 25-44,down,Core - RTE - Tag 39,"Desktop, Mobile, Unknown",note
3890.14.5,former,use,man,occur,Adults 25-44,down,Rakuten - Influent Media -  Tag 2,"Desktop, Mobile, App",note
3890.14.5,former,use,man,occur,Adults 25-44,down,Sky Direct,"Desktop, Mobile, Unknown",note
3890.14.5,former,use,man,occur,Adults 25-44,down,Discovery+ Midroll - Tag 3,"Desktop, Mobile, Unknown",note
3890.14.5,former,use,man,occur,Adults 25-44,down,Core - All4 - Tag 2,"Desktop, Mobile, Unknown",note
3890.14.5,former,use,man,occur,Adults 25-44,down,Core - VMS - Tag 4,"Desktop, Mobile, Unknown",note
3890.14.5,former,use,man,occur,Adults 25-44,down,ClubberTV - Midroll Tag 3,"Desktop, Mobile, Unknown",note
3890.14.5,former,use,man,occur,Adults 25-44,down,Core - Samsung TV - Tag 2,"Desktop, Mobile, Unknown",note
3890.14.5,former,use,man,occur,Adults 25-44,down,LG Instream - Tag 2,"Desktop, Mobile, Unknown",note
4143.10.5,financial,level,man,speak,Adults 35+,want,Core - RTE - Tag 1,"Desktop, Mobile, Unknown",environment
4143.10.5,financial,level,man,speak,Adults 35+,want,Discovery+ Midroll - Tag 2,"Desktop, Mobile, Unknown",environment
4143.10.5,financial,level,man,speak,Adults 35+,want,Core - All4 - Tag 3,"Desktop, Mobile, Unknown",environment
4143.10.5,financial,level,man,speak,Adults 35+,want,Discovery+ Preroll - Tag 1,"Desktop, Mobile, Unknown",environment
4143.10.5,financial,level,man,speak,Adults 35+,want,Core - Samsung TV - Tag 1,"Desktop, Mobile, Unknown",environment
4143.10.5,financial,level,man,speak,Adults 35+,want,Core - VMS - Tag 1,"Desktop, Mobile, Unknown",environment
4143.10.5,financial,level,man,speak,Adults 35+,want,Sky Direct,"Desktop, Mobile, Unknown",environment
4143.10.5,financial,level,man,speak,Adults 35+,want,Rakuten - Influent Media -  Tag 1,"Desktop, Mobile, App",environment
4143.10.5,financial,level,man,speak,Adults 35+,want,ClubberTV - Preroll Tag 1,"Desktop, Mobile, Unknown",environment
4277.3.6,spring,agent,man,drive,Adults 15+,point,CORE - Sky Publisher Player,"Desktop, Mobile",actually
4277.3.6,spring,agent,man,drive,Adults 15+,point,Core - All4 - Tag 3,"Desktop, Mobile, Unknown",commercial
4277.3.6,spring,agent,man,drive,Adults 15+,point,Core - VMS - Tag 1,"Desktop, Mobile, Unknown",commercial
4277.3.6,spring,agent,man,drive,Adults 15+,point,CORE - Sky Video Player - SPORTS,"Desktop, Mobile",actually
4277.3.6,spring,agent,man,drive,Adults 15+,point,CORE - Sky Video Player - NEWS,"Desktop, Mobile",commercial
4277.3.6,spring,agent,man,drive,Adults 15+,point,Discovery+ Midroll - Tag 3,"Desktop, Mobile, Unknown",commercial
4277.3.6,spring,agent,man,drive,Adults 15+,point,Core - All4 - Tag 3,"Desktop, Mobile, Unknown",actually
4277.3.6,spring,agent,man,drive,Adults 15+,point,Discovery+ Midroll - Tag 3,"Desktop, Mobile, Unknown",actually
4277.3.6,spring,agent,man,drive,Adults 15+,point,Core- TG4,"Desktop, Mobile, App",actually
4277.3.6,spring,agent,man,drive,Adults 15+,point,CORE - Sky Video Player - NEWS,"Desktop, Mobile",actually
4277.3.6,spring,agent,man,drive,Adults 15+,point,CORE - Sky Video Player - SPORTS,"Desktop, Mobile",commercial
4277.3.6,spring,agent,man,drive,Adults 15+,point,Dailymail.co.uk,"Desktop, Mobile",commercial
4277.3.6,spring,agent,man,drive,Adults 15+,point,Dailymail.co.uk,"Desktop, Mobile",actually
4277.3.6,spring,agent,man,drive,Adults 15+,point,extra.ie,"Desktop, Mobile",actually
4277.3.6,spring,agent,man,drive,Adults 15+,point,extra.ie,"Desktop, Mobile",commercial
4277.3.6,spring,agent,man,drive,Adults 15+,point,evoke.ie,"Desktop, Mobile",actually
4277.3.6,spring,agent,man,drive,Adults 15+,point,evoke.ie,"Desktop, Mobile",commercial
4277.3.6,spring,agent,man,drive,Adults 15+,point,Core - RTE - Tag 4,"Desktop, Mobile, Unknown",actually
4277.3.6,spring,agent,man,drive,Adults 15+,point,Core - RTE - Tag 4,"Desktop, Mobile, Unknown",commercial
4277.3.6,spring,agent,man,drive,Adults 15+,point,MHIE_independent.ie,"Desktop, Mobile, App",commercial
4277.3.6,spring,agent,man,drive,Adults 15+,point,MHIE_independent.ie,"Desktop, Mobile, App",actually
4277.3.6,spring,agent,man,drive,Adults 15+,point,thejournal.ie,"Desktop, Mobile, App",actually
4277.3.6,spring,agent,man,drive,Adults 15+,point,CORE - Sky Publisher Player,"Desktop, Mobile",commercial
4277.3.6,spring,agent,man,drive,Adults 15+,point,thejournal.ie,"Desktop, Mobile, App",commercial
4277.3.6,spring,agent,man,drive,Adults 15+,point,Core - RTE - Tag 8 - SF,"Desktop, Mobile, Unknown",commercial
4277.3.6,spring,agent,man,drive,Adults 15+,point,Core - RTE - Tag 8 - SF,"Desktop, Mobile, Unknown",actually
4277.3.6,spring,agent,man,drive,Adults 15+,point,Trinity Mirror,"Desktop, Mobile, App",commercial
4277.3.6,spring,agent,man,drive,Adults 15+,point,Rakuten - Influent Media -  Tag 3,"Desktop, Mobile, App",commercial
4277.3.6,spring,agent,man,drive,Adults 15+,point,Soundcloud Video - CORE,"Desktop, Mobile, App",actually
4277.3.6,spring,agent,man,drive,Adults 15+,point,Core - VMS - Tag 1,"Desktop, Mobile, Unknown",actually
4277.3.6,spring,agent,man,drive,Adults 15+,point,Soundcloud Video - CORE,"Desktop, Mobile, App",commercial
4277.3.6,spring,agent,man,drive,Adults 15+,point,Trinity Mirror,"Desktop, Mobile, App",actually
4277.3.6,spring,agent,man,drive,Adults 15+,point,Sky Direct,"Desktop, Mobile, Unknown",commercial
4277.3.6,spring,agent,man,drive,Adults 15+,point,ClubberTV - Midroll Tag 3,"Desktop, Mobile, Unknown",actually
4277.3.6,spring,agent,man,drive,Adults 15+,point,ClubberTV - Midroll Tag 3,"Desktop, Mobile, Unknown",commercial
4277.3.6,spring,agent,man,drive,Adults 15+,point,LG Instream - Tag 3,"Desktop, Mobile, Unknown",commercial
4277.3.6,spring,agent,man,drive,Adults 15+,point,Sky Direct,"Desktop, Mobile, Unknown",actually
4277.3.6,spring,agent,man,drive,Adults 15+,point,Core - Samsung TV - Tag 3,"Desktop, Mobile, Unknown",actually
4277.3.6,spring,agent,man,drive,Adults 15+,point,Core - Samsung TV - Tag 3,"Desktop, Mobile, Unknown",commercial
4277.3.6,spring,agent,man,drive,Adults 15+,point,Core - All4 - Tag 6,"Desktop, Mobile, Unknown",actually
4277.3.6,spring,agent,man,drive,Adults 15+,point,Core - All4 - Tag 6,"Desktop, Mobile, Unknown",commercial
4277.3.6,spring,agent,man,drive,Adults 15+,point,Rakuten - Influent Media -  Tag 3,"Desktop, Mobile, App",actually
4123.7.3,per,job,man,tend,Women 25-44,she,Sky Direct,"Desktop, Mobile, Unknown",TV
4123.7.3,per,job,man,tend,Women 25-44,she,Discovery+ Midroll - Tag 4,"Desktop, Mobile, Unknown",item
4123.7.3,per,job,man,tend,Women 25-44,she,Discovery+ Midroll - Tag 4,"Desktop, Mobile, Unknown",cause
4123.7.3,per,job,man,tend,Women 25-44,she,Sky Direct,"Desktop, Mobile, Unknown",to
4123.7.3,per,job,man,tend,Women 25-44,she,Core - All4 - Tag 1,"Desktop, Mobile, Unknown",game
4123.7.3,per,job,man,tend,Women 25-44,she,Discovery+ Midroll - Tag 4,"Desktop, Mobile, Unknown",central
4123.7.3,per,job,man,tend,Women 25-44,she,Discovery+ Midroll - Tag 4,"Desktop, Mobile, Unknown",recent
4123.7.3,per,job,man,tend,Women 25-44,she,Core - All4 - Tag 1,"Desktop, Mobile, Unknown",recent
4123.7.3,per,job,man,tend,Women 25-44,she,Discovery+ Midroll - Tag 4,"Desktop, Mobile, Unknown",game
4123.7.3,per,job,man,tend,Women 25-44,she,Core - RTE - Tag 38,"Desktop, Mobile, Unknown",item
4123.7.3,per,job,man,tend,Women 25-44,she,Core - RTE - Tag 38,"Desktop, Mobile, Unknown",game
4123.7.3,per,job,man,tend,Women 25-44,she,Core - RTE - Tag 38,"Desktop, Mobile, Unknown",care
4123.7.3,per,job,man,tend,Women 25-44,she,Core - RTE - Tag 38,"Desktop, Mobile, Unknown",to
4123.7.3,per,job,man,tend,Women 25-44,she,Core - RTE - Tag 38,"Desktop, Mobile, Unknown",cause
4123.7.3,per,job,man,tend,Women 25-44,she,Core - RTE - Tag 38,"Desktop, Mobile, Unknown",tell
4123.7.3,per,job,man,tend,Women 25-44,she,Core - RTE - Tag 38,"Desktop, Mobile, Unknown",central
4123.7.3,per,job,man,tend,Women 25-44,she,Core - RTE - Tag 38,"Desktop, Mobile, Unknown",recent
4123.7.3,per,job,man,tend,Women 25-44,she,Core - VMS - Tag 4,"Desktop, Mobile, Unknown",recent
4123.7.3,per,job,man,tend,Women 25-44,she,Discovery+ Midroll - Tag 4,"Desktop, Mobile, Unknown",to
4123.7.3,per,job,man,tend,Women 25-44,she,Discovery+ Midroll - Tag 4,"Desktop, Mobile, Unknown",tell
4123.7.3,per,job,man,tend,Women 25-44,she,Discovery+ Midroll - Tag 4,"Desktop, Mobile, Unknown",care
4123.7.3,per,job,man,tend,Women 25-44,she,Core - VMS - Tag 4,"Desktop, Mobile, Unknown",care
4123.7.3,per,job,man,tend,Women 25-44,she,ClubberTV - Preroll Tag 1,"Desktop, Mobile, Unknown",item
4123.7.3,per,job,man,tend,Women 25-44,she,Sky Direct,"Desktop, Mobile, Unknown",item
4123.7.3,per,job,man,tend,Women 25-44,she,ClubberTV - Preroll Tag 1,"Desktop, Mobile, Unknown",game
4123.7.3,per,job,man,tend,Women 25-44,she,ClubberTV - Preroll Tag 1,"Desktop, Mobile, Unknown",care
4123.7.3,per,job,man,tend,Women 25-44,she,Core - VMS - Tag 4,"Desktop, Mobile, Unknown",item
4123.7.3,per,job,man,tend,Women 25-44,she,Core - VMS - Tag 4,"Desktop, Mobile, Unknown",to
4123.7.3,per,job,man,tend,Women 25-44,she,ClubberTV - Preroll Tag 1,"Desktop, Mobile, Unknown",tell
4123.7.3,per,job,man,tend,Women 25-44,she,Core - VMS - Tag 4,"Desktop, Mobile, Unknown",game
4123.7.3,per,job,man,tend,Women 25-44,she,Core - VMS - Tag 4,"Desktop, Mobile, Unknown",central
4123.7.3,per,job,man,tend,Women 25-44,she,Sky Direct,"Desktop, Mobile, Unknown",tell
4123.7.3,per,job,man,tend,Women 25-44,she,ClubberTV - Preroll Tag 1,"Desktop, Mobile, Unknown",to
4123.7.3,per,job,man,tend,Women 25-44,she,Core - VMS - Tag 4,"Desktop, Mobile, Unknown",tell
4123.7.3,per,job,man,tend,Women 25-44,she,Sky Direct,"Desktop, Mobile, Unknown",cause
4123.7.3,per,job,man,tend,Women 25-44,she,Core - VMS - Tag 4,"Desktop, Mobile, Unknown",cause
4123.7.3,per,job,man,tend,Women 25-44,she,Rakuten - Influent Media -  Tag 1,"Desktop, Mobile, App",game
4123.7.3,per,job,man,tend,Women 25-44,she,Core - All4 - Tag 1,"Desktop, Mobile, Unknown",central
4123.7.3,per,job,man,tend,Women 25-44,she,Core - All4 - Tag 1,"Desktop, Mobile, Unknown",cause
4123.7.3,per,job,man,tend,Women 25-44,she,Core - Samsung TV - Tag 1,"Desktop, Mobile, Unknown",recent
4123.7.3,per,job,man,tend,Women 25-44,she,Rakuten - Influent Media -  Tag 1,"Desktop, Mobile, App",item
4123.7.3,per,job,man,tend,Women 25-44,she,Rakuten - Influent Media -  Tag 1,"Desktop, Mobile, App",central
4123.7.3,per,job,man,tend,Women 25-44,she,Rakuten - Influent Media -  Tag 1,"Desktop, Mobile, App",recent
4123.7.3,per,job,man,tend,Women 25-44,she,Core - All4 - Tag 1,"Desktop, Mobile, Unknown",to
4123.7.3,per,job,man,tend,Women 25-44,she,Core - Samsung TV - Tag 1,"Desktop, Mobile, Unknown",tell
4123.7.3,per,job,man,tend,Women 25-44,she,Core - All4 - Tag 1,"Desktop, Mobile, Unknown",care
4123.7.3,per,job,man,tend,Women 25-44,she,Core - Samsung TV - Tag 1,"Desktop, Mobile, Unknown",central
4123.7.3,per,job,man,tend,Women 25-44,she,Rakuten - Influent Media -  Tag 1,"Desktop, Mobile, App",to
4123.7.3,per,job,man,tend,Women 25-44,she,Core - All4 - Tag 1,"Desktop, Mobile, Unknown",tell
4123.7.3,per,job,man,tend,Women 25-44,she,Rakuten - Influent Media -  Tag 1,"Desktop, Mobile, App",tell
4123.7.3,per,job,man,tend,Women 25-44,she,Rakuten - Influent Media -  Tag 1,"Desktop, Mobile, App",care
4123.7.3,per,job,man,tend,Women 25-44,she,Core - All4 - Tag 1,"Desktop, Mobile, Unknown",item
4123.7.3,per,job,man,tend,Women 25-44,she,Rakuten - Influent Media -  Tag 1,"Desktop, Mobile, App",cause
4123.7.3,per,job,man,tend,Women 25-44,she,Core - Samsung TV - Tag 1,"Desktop, Mobile, Unknown",game
4123.7.3,per,job,man,tend,Women 25-44,she,Core - Samsung TV - Tag 1,"Desktop, Mobile, Unknown",to
4123.7.3,per,job,man,tend,Women 25-44,she,Core - Samsung TV - Tag 1,"Desktop, Mobile, Unknown",care
4123.7.3,per,job,man,tend,Women 25-44,she,Core - Samsung TV - Tag 1,"Desktop, Mobile, Unknown",cause
4123.7.3,per,job,man,tend,Women 25-44,she,Core - Samsung TV - Tag 1,"Desktop, Mobile, Unknown",item
4123.7.3,per,job,man,tend,Women 25-44,she,Core - RTE - Tag 38,"Desktop, Mobile, Unknown",TV
4123.7.3,per,job,man,tend,Women 25-44,she,Core - VMS - Tag 4,"Desktop, Mobile, Unknown",TV
4123.7.3,per,job,man,tend,Women 25-44,she,Core - All4 - Tag 1,"Desktop, Mobile, Unknown",TV
4123.7.3,per,job,man,tend,Women 25-44,she,Rakuten - Influent Media -  Tag 1,"Desktop, Mobile, App",TV
4130.13.23,quickly,day,man,rather,Adults 15+,statement,CORE - Sky Publisher Player,"Desktop, Mobile",threat
4130.13.23,quickly,day,man,rather,Adults 15+,statement,Core - RTE - Tag 1,"Desktop, Mobile, Unknown",threat
4130.13.23,quickly,day,man,rather,Adults 15+,statement,Dailymail.co.uk,"Desktop, Mobile",threat
4130.13.23,quickly,day,man,rather,Adults 15+,statement,MHIE_independent.ie,"Desktop, Mobile, App",threat
4130.13.23,quickly,day,man,rather,Adults 15+,statement,evoke.ie,"Desktop, Mobile",threat
4130.13.23,quickly,day,man,rather,Adults 15+,statement,extra.ie,"Desktop, Mobile",threat
4130.13.23,quickly,day,man,rather,Adults 15+,statement,thejournal.ie,"Desktop, Mobile, App",threat
4130.13.23,quickly,day,man,rather,Adults 15+,statement,Trinity Mirror,"Desktop, Mobile, App",threat
4130.13.23,quickly,day,man,rather,Adults 15+,statement,LG Instream - Tag 1,"Desktop, Mobile, Unknown",threat
4130.13.23,quickly,day,man,rather,Adults 15+,statement,Core - Samsung TV - Tag 1,"Desktop, Mobile, Unknown",threat
4130.13.23,quickly,day,man,rather,Adults 15+,statement,Core - All4 - Tag 3,"Desktop, Mobile, Unknown",threat
4130.13.23,quickly,day,man,rather,Adults 15+,statement,CORE - Sky Video Player - NEWS,"Desktop, Mobile",threat
4130.13.23,quickly,day,man,rather,Adults 15+,statement,Core - VMS - Tag 1,"Desktop, Mobile, Unknown",threat
4130.13.23,quickly,day,man,rather,Adults 15+,statement,CORE - Sky Video Player - SPORTS,"Desktop, Mobile",threat
4130.13.23,quickly,day,man,rather,Adults 15+,statement,Sky Direct,"Desktop, Mobile, Unknown",threat
4130.13.23,quickly,day,man,rather,Adults 15+,statement,Discovery+ Preroll - Tag 1,"Desktop, Mobile, Unknown",threat
4130.13.23,quickly,day,man,rather,Adults 15+,statement,Discovery+ Midroll - Tag 2,"Desktop, Mobile, Unknown",threat
4130.13.23,quickly,day,man,rather,Adults 15+,statement,Rakuten - Influent Media -  Tag 1,"Desktop, Mobile, App",threat
4130.13.23,quickly,day,man,rather,Adults 15+,statement,Soundcloud Video - CORE,"Desktop, Mobile, App",threat
4130.13.23,quickly,day,man,rather,Adults 15+,statement,ClubberTV - Preroll Tag 1,"Desktop, Mobile, Unknown",threat
4264.4.6,drop,race,man,between,Adults 25-54,create,Core - RTE - Tag 1,"Desktop, Mobile, Unknown",list
4264.4.6,drop,race,man,between,Adults 25-54,create,Core - RTE - Tag 1,"Desktop, Mobile, Unknown",sit
4264.4.6,drop,race,man,between,Adults 25-54,create,MHIE_independent.ie,"Desktop, Mobile, App",list
4264.4.6,drop,race,man,between,Adults 25-54,create,Core - Samsung TV - Tag 1,"Desktop, Mobile, Unknown",list
4264.4.6,drop,race,man,between,Adults 25-54,create,Core - All4 - Tag 3,"Desktop, Mobile, Unknown",sit
4264.4.6,drop,race,man,between,Adults 25-54,create,Discovery+ Preroll - Tag 1,"Desktop, Mobile, Unknown",sit
4264.4.6,drop,race,man,between,Adults 25-54,create,ClubberTV - Preroll Tag 1,"Desktop, Mobile, Unknown",sit
4264.4.6,drop,race,man,between,Adults 25-54,create,Core - Samsung TV - Tag 1,"Desktop, Mobile, Unknown",sit
4264.4.6,drop,race,man,between,Adults 25-54,create,Rakuten - Influent Media -  Tag 1,"Desktop, Mobile, App",list
4264.4.6,drop,race,man,between,Adults 25-54,create,Core - VMS - Tag 1,"Desktop, Mobile, Unknown",sit
4264.4.6,drop,race,man,between,Adults 25-54,create,Discovery+ Preroll - Tag 1,"Desktop, Mobile, Unknown",list
4264.4.6,drop,race,man,between,Adults 25-54,create,Discovery+ Midroll - Tag 2,"Desktop, Mobile, Unknown",list
4264.4.6,drop,race,man,between,Adults 25-54,create,Core - VMS - Tag 1,"Desktop, Mobile, Unknown",list
4264.4.6,drop,race,man,between,Adults 25-54,create,Rakuten - Influent Media -  Tag 1,"Desktop, Mobile, App",sit
4264.4.6,drop,race,man,between,Adults 25-54,create,Discovery+ Midroll - Tag 2,"Desktop, Mobile, Unknown",sit
4264.4.6,drop,race,man,between,Adults 25-54,create,Dailymail.co.uk,"Desktop, Mobile",sit
4264.4.6,drop,race,man,between,Adults 25-54,create,Dailymail.co.uk,"Desktop, Mobile",list
4264.4.6,drop,race,man,between,Adults 25-54,create,MHIE_independent.ie,"Desktop, Mobile, App",sit
4264.4.6,drop,race,man,between,Adults 25-54,create,Core - RTE - Tag 8 - SF,"Desktop, Mobile, Unknown",sit
4264.4.6,drop,race,man,between,Adults 25-54,create,Core - RTE - Tag 8 - SF,"Desktop, Mobile, Unknown",list
4264.4.6,drop,race,man,between,Adults 25-54,create,CORE - Sky Publisher Player,"Desktop, Mobile",sit
4264.4.6,drop,race,man,between,Adults 25-54,create,CORE - Sky Publisher Player,"Desktop, Mobile",list
4264.4.6,drop,race,man,between,Adults 25-54,create,thejournal.ie,"Desktop, Mobile, App",list
4264.4.6,drop,race,man,between,Adults 25-54,create,thejournal.ie,"Desktop, Mobile, App",sit
4264.4.6,drop,race,man,between,Adults 25-54,create,Trinity Mirror,"Desktop, Mobile, App",list
4264.4.6,drop,race,man,between,Adults 25-54,create,Trinity Mirror,"Desktop, Mobile, App",sit
4264.4.6,drop,race,man,between,Adults 25-54,create,extra.ie,"Desktop, Mobile",list
4264.4.6,drop,race,man,between,Adults 25-54,create,extra.ie,"Desktop, Mobile",sit
4264.4.6,drop,race,man,between,Adults 25-54,create,evoke.ie,"Desktop, Mobile",sit
4264.4.6,drop,race,man,between,Adults 25-54,create,evoke.ie,"Desktop, Mobile",list
4264.4.6,drop,race,man,between,Adults 25-54,create,CORE - Sky Video Player - SPORTS,"Desktop, Mobile",sit
4264.4.6,drop,race,man,between,Adults 25-54,create,Core- TG4,"Desktop, Mobile, App",list
4264.4.6,drop,race,man,between,Adults 25-54,create,Core- TG4,"Desktop, Mobile, App",sit
4264.4.6,drop,race,man,between,Adults 25-54,create,Soundcloud Video - CORE,"Desktop, Mobile, App",list
4264.4.6,drop,race,man,between,Adults 25-54,create,CORE - Sky Video Player - NEWS,"Desktop, Mobile",list
4264.4.6,drop,race,man,between,Adults 25-54,create,CORE - Sky Video Player - SPORTS,"Desktop, Mobile",list
4264.4.6,drop,race,man,between,Adults 25-54,create,CORE - Sky Video Player - NEWS,"Desktop, Mobile",sit
4264.4.6,drop,race,man,between,Adults 25-54,create,Soundcloud Video - CORE,"Desktop, Mobile, App",sit
4264.4.6,drop,race,man,between,Adults 25-54,create,ClubberTV - Preroll Tag 1,"Desktop, Mobile, Unknown",list
4280.4.3,your,story,man,toward,Adults 15+,activity,Sky Direct,"Desktop, Mobile, Unknown",want
4280.4.3,your,story,man,toward,Adults 15+,activity,Discovery+ Midroll - Tag 3,"Desktop, Mobile, Unknown",control
4280.4.3,your,story,man,toward,Adults 15+,activity,Discovery+ Midroll - Tag 3,"Desktop, Mobile, Unknown",want
4280.4.3,your,story,man,toward,Adults 15+,activity,CORE - Sky Video Player - NEWS,"Desktop, Mobile",want
4280.4.3,your,story,man,toward,Adults 15+,activity,CORE - Sky Video Player - SPORTS,"Desktop, Mobile",want
4280.4.3,your,story,man,toward,Adults 15+,activity,Core - All4 - Tag 1,"Desktop, Mobile, Unknown",control
4280.4.3,your,story,man,toward,Adults 15+,activity,CORE - Sky Video Player - NEWS,"Desktop, Mobile",control
4280.4.3,your,story,man,toward,Adults 15+,activity,Core - Samsung TV - Tag 4,"Desktop, Mobile, Unknown",want
4280.4.3,your,story,man,toward,Adults 15+,activity,Core - Samsung TV - Tag 4,"Desktop, Mobile, Unknown",control
4280.4.3,your,story,man,toward,Adults 15+,activity,Core - RTE - Tag 42,"Desktop, Mobile, Unknown",control
4280.4.3,your,story,man,toward,Adults 15+,activity,Core - RTE - Tag 42,"Desktop, Mobile, Unknown",want
4280.4.3,your,story,man,toward,Adults 15+,activity,MHIE_independent.ie,"Desktop, Mobile, App",control
4280.4.3,your,story,man,toward,Adults 15+,activity,MHIE_independent.ie,"Desktop, Mobile, App",want
4280.4.3,your,story,man,toward,Adults 15+,activity,CORE - Sky Publisher Player,"Desktop, Mobile",want
4280.4.3,your,story,man,toward,Adults 15+,activity,CORE - Sky Publisher Player,"Desktop, Mobile",control
4280.4.3,your,story,man,toward,Adults 15+,activity,Dailymail.co.uk,"Desktop, Mobile",want
4280.4.3,your,story,man,toward,Adults 15+,activity,Dailymail.co.uk,"Desktop, Mobile",control
4280.4.3,your,story,man,toward,Adults 15+,activity,evoke.ie,"Desktop, Mobile",want
4280.4.3,your,story,man,toward,Adults 15+,activity,extra.ie,"Desktop, Mobile",control
4280.4.3,your,story,man,toward,Adults 15+,activity,evoke.ie,"Desktop, Mobile",control
4280.4.3,your,story,man,toward,Adults 15+,activity,extra.ie,"Desktop, Mobile",want
4280.4.3,your,story,man,toward,Adults 15+,activity,thejournal.ie,"Desktop, Mobile, App",want
4280.4.3,your,story,man,toward,Adults 15+,activity,thejournal.ie,"Desktop, Mobile, App",control
4280.4.3,your,story,man,toward,Adults 15+,activity,Core - RTE - Tag 8 - SF,"Desktop, Mobile, Unknown",want
4280.4.3,your,story,man,toward,Adults 15+,activity,Core - RTE - Tag 8 - SF,"Desktop, Mobile, Unknown",control
4280.4.3,your,story,man,toward,Adults 15+,activity,Rakuten - Influent Media -  Tag 1,"Desktop, Mobile, App",want
4280.4.3,your,story,man,toward,Adults 15+,activity,Core - VMS - Tag 4,"Desktop, Mobile, Unknown",control
4280.4.3,your,story,man,toward,Adults 15+,activity,Core - All4 - Tag 1,"Desktop, Mobile, Unknown",want
4280.4.3,your,story,man,toward,Adults 15+,activity,Rakuten - Influent Media -  Tag 1,"Desktop, Mobile, App",control
4280.4.3,your,story,man,toward,Adults 15+,activity,Core - VMS - Tag 4,"Desktop, Mobile, Unknown",want
4280.4.3,your,story,man,toward,Adults 15+,activity,Sky Direct,"Desktop, Mobile, Unknown",control
4280.4.3,your,story,man,toward,Adults 15+,activity,CORE - Sky Video Player - SPORTS,"Desktop, Mobile",control
4280.4.3,your,story,man,toward,Adults 15+,activity,Trinity Mirror,"Desktop, Mobile, App",control
4280.4.3,your,story,man,toward,Adults 15+,activity,Trinity Mirror,"Desktop, Mobile, App",want
4280.4.3,your,story,man,toward,Adults 15+,activity,Soundcloud Video - CORE,"Desktop, Mobile, App",want
4280.4.3,your,story,man,toward,Adults 15+,activity,Soundcloud Video - CORE,"Desktop, Mobile, App",control
4280.4.3,your,story,man,toward,Adults 15+,activity,ClubberTV - Preroll Tag 1,"Desktop, Mobile, Unknown",control
4280.4.3,your,story,man,toward,Adults 15+,activity,ClubberTV - Preroll Tag 1,"Desktop, Mobile, Unknown",want
4283.5.4,your,sell,man,few,Women 35+       Â Â Â Â Â Â Â  ,entire,Trinity Mirror,"Desktop, Mobile, App",election
4283.5.4,your,sell,man,few,Women 35+       Â Â Â Â Â Â Â  ,entire,MHIE_independent.ie,"Desktop, Mobile, App",election
4283.5.4,your,sell,man,few,Women 35+       Â Â Â Â Â Â Â  ,entire,Core - RTE - Tag 42,"Desktop, Mobile, Unknown",election
4283.5.4,your,sell,man,few,Women 35+       Â Â Â Â Â Â Â  ,entire,Dailymail.co.uk,"Desktop, Mobile",election
4283.5.4,your,sell,man,few,Women 35+       Â Â Â Â Â Â Â  ,entire,thejournal.ie,"Desktop, Mobile, App",election
4283.5.4,your,sell,man,few,Women 35+       Â Â Â Â Â Â Â  ,entire,Core - RTE - Tag 8 - SF,"Desktop, Mobile, Unknown",election
4283.5.4,your,sell,man,few,Women 35+       Â Â Â Â Â Â Â  ,entire,Core - Samsung TV - Tag 4,"Desktop, Mobile, Unknown",election
4283.5.4,your,sell,man,few,Women 35+       Â Â Â Â Â Â Â  ,entire,Soundcloud Video - CORE,"Desktop, Mobile, App",election
4283.5.4,your,sell,man,few,Women 35+       Â Â Â Â Â Â Â  ,entire,Discovery+ Midroll - Tag 3,"Desktop, Mobile, Unknown",election
4283.5.4,your,sell,man,few,Women 35+       Â Â Â Â Â Â Â  ,entire,Core - All4 - Tag 1,"Desktop, Mobile, Unknown",election
4283.5.4,your,sell,man,few,Women 35+       Â Â Â Â Â Â Â  ,entire,Core - VMS - Tag 4,"Desktop, Mobile, Unknown",election
4283.5.4,your,sell,man,few,Women 35+       Â Â Â Â Â Â Â  ,entire,Sky Direct,"Desktop, Mobile, Unknown",election
4283.5.4,your,sell,man,few,Women 35+       Â Â Â Â Â Â Â  ,entire,CORE - Sky Publisher Player,"Desktop, Mobile",election
4283.5.4,your,sell,man,few,Women 35+       Â Â Â Â Â Â Â  ,entire,extra.ie,"Desktop, Mobile",election
4283.5.4,your,sell,man,few,Women 35+       Â Â Â Â Â Â Â  ,entire,evoke.ie,"Desktop, Mobile",election
4283.5.4,your,sell,man,few,Women 35+       Â Â Â Â Â Â Â  ,entire,CORE - Sky Video Player - NEWS,"Desktop, Mobile",election
4283.5.4,your,sell,man,few,Women 35+       Â Â Â Â Â Â Â  ,entire,CORE - Sky Video Player - SPORTS,"Desktop, Mobile",election
4283.5.4,your,sell,man,few,Women 35+       Â Â Â Â Â Â Â  ,entire,Rakuten - Influent Media -  Tag 1,"Desktop, Mobile, App",election
4283.5.4,your,sell,man,few,Women 35+       Â Â Â Â Â Â Â  ,entire,ClubberTV - Preroll Tag 1,"Desktop, Mobile, Unknown",election
4114.7.81,way,assume,man,teach,Housekeepers,behavior,Core - RTE - Tag 38,"Desktop, Mobile, Unknown",social
4114.7.81,way,assume,man,teach,Housekeepers,behavior,Rakuten - Influent Media -  Tag 1,"Desktop, Mobile, App",social
4114.7.81,way,assume,man,teach,Housekeepers,behavior,Core - VMS - Tag 4,"Desktop, Mobile, Unknown",social
4114.7.81,way,assume,man,teach,Housekeepers,behavior,Core - All4 - Tag 1,"Desktop, Mobile, Unknown",social
4114.7.81,way,assume,man,teach,Housekeepers,behavior,Core - Samsung TV - Tag 1,"Desktop, Mobile, Unknown",social
4114.7.81,way,assume,man,teach,Housekeepers,behavior,Discovery+ Midroll - Tag 4,"Desktop, Mobile, Unknown",social
4114.7.81,way,assume,man,teach,Housekeepers,behavior,Sky Direct,"Desktop, Mobile, Unknown",social
4114.7.81,way,assume,man,teach,Housekeepers,behavior,ClubberTV - Midroll Tag 3,"Desktop, Mobile, Unknown",social
4034.6.21,garden,thank,man,point,Adults 25-44,surface,Core - RTE - Tag 2,"Desktop, Mobile, Unknown",trip
4034.6.21,garden,thank,man,point,Adults 25-44,surface,Core - RTE - Tag 2,"Desktop, Mobile, Unknown",father
4034.6.21,garden,thank,man,point,Adults 25-44,surface,Rakuten - Influent Media -  Tag 2,"Desktop, Mobile, App",father
4034.6.21,garden,thank,man,point,Adults 25-44,surface,Discovery+ Midroll - Tag 2,"Desktop, Mobile, Unknown",trip
4034.6.21,garden,thank,man,point,Adults 25-44,surface,Core - Samsung TV - Tag 2,"Desktop, Mobile, Unknown",trip
4034.6.21,garden,thank,man,point,Adults 25-44,surface,Core - All4 - Tag 2,"Desktop, Mobile, Unknown",trip
4034.6.21,garden,thank,man,point,Adults 25-44,surface,Discovery+ Midroll - Tag 2,"Desktop, Mobile, Unknown",father
4034.6.21,garden,thank,man,point,Adults 25-44,surface,Core - Samsung TV - Tag 2,"Desktop, Mobile, Unknown",father
4034.6.21,garden,thank,man,point,Adults 25-44,surface,Rakuten - Influent Media -  Tag 2,"Desktop, Mobile, App",trip
4034.6.21,garden,thank,man,point,Adults 25-44,surface,Core - All4 - Tag 2,"Desktop, Mobile, Unknown",father
4034.6.21,garden,thank,man,point,Adults 25-44,surface,Sky Direct,"Desktop, Mobile, Unknown",trip
4034.6.21,garden,thank,man,point,Adults 25-44,surface,Core - VMS - Tag 3,"Desktop, Mobile, Unknown",trip
4034.6.21,garden,thank,man,point,Adults 25-44,surface,Core - VMS - Tag 3,"Desktop, Mobile, Unknown",father
4329.6.5,three,treat,man,organization,ABC1 Adults,star,thejournal.ie,"Desktop, Mobile, App",listen
4329.6.5,three,treat,man,organization,ABC1 Adults,star,Dailymail.co.uk,"Desktop, Mobile",listen
4329.6.5,three,treat,man,organization,ABC1 Adults,star,MHIE_independent.ie,"Desktop, Mobile, App",listen
4329.6.5,three,treat,man,organization,ABC1 Adults,star,extra.ie,"Desktop, Mobile",listen
4329.6.5,three,treat,man,organization,ABC1 Adults,star,evoke.ie,"Desktop, Mobile",listen
4329.6.5,three,treat,man,organization,ABC1 Adults,star,CORE - Sky Publisher Player,"Desktop, Mobile",listen
4329.6.5,three,treat,man,organization,ABC1 Adults,star,Trinity Mirror,"Desktop, Mobile, App",listen
4329.6.5,three,treat,man,organization,ABC1 Adults,star,Core - RTE - Tag 38,"Desktop, Mobile, Unknown",listen
4329.6.5,three,treat,man,organization,ABC1 Adults,star,Rakuten - Influent Media -  Tag 3,"Desktop, Mobile, App",listen
4329.6.5,three,treat,man,organization,ABC1 Adults,star,CORE - Sky Video Player - NEWS,"Desktop, Mobile",listen
4329.6.5,three,treat,man,organization,ABC1 Adults,star,Discovery+ Midroll - Tag 3,"Desktop, Mobile, Unknown",listen
4329.6.5,three,treat,man,organization,ABC1 Adults,star,Core - All4 - Tag 3,"Desktop, Mobile, Unknown",listen
4329.6.5,three,treat,man,organization,ABC1 Adults,star,CORE - Sky Video Player - SPORTS,"Desktop, Mobile",listen
4329.6.5,three,treat,man,organization,ABC1 Adults,star,Core - VMS - Tag 1,"Desktop, Mobile, Unknown",listen
4329.6.5,three,treat,man,organization,ABC1 Adults,star,Core - RTE - Tag 8 - SF,"Desktop, Mobile, Unknown",listen
4329.6.5,three,treat,man,organization,ABC1 Adults,star,Core - All4 - Tag 6,"Desktop, Mobile, Unknown",listen
4329.6.5,three,treat,man,organization,ABC1 Adults,star,Sky Direct,"Desktop, Mobile, Unknown",listen
4329.6.5,three,treat,man,organization,ABC1 Adults,star,Soundcloud Video - CORE,"Desktop, Mobile, App",listen
4329.6.5,three,treat,man,organization,ABC1 Adults,star,Core - Samsung TV - Tag 3,"Desktop, Mobile, Unknown",listen
4329.6.5,three,treat,man,organization,ABC1 Adults,star,ClubberTV - Midroll Tag 2,"Desktop, Mobile, Unknown",listen
4104.19.28,pull,current,man,technology,Women 25-44,throughout,Rakuten - Influent Media -  Tag 3,"Desktop, Mobile, App",certainly
4104.19.28,pull,current,man,technology,Women 25-44,throughout,Core - Samsung TV - Tag 3,"Desktop, Mobile, Unknown",certainly
4104.19.28,pull,current,man,technology,Women 25-44,throughout,ClubberTV - Midroll Tag 3,"Desktop, Mobile, Unknown",certainly
4104.19.28,pull,current,man,technology,Women 25-44,throughout,Core - RTE - Tag 39,"Desktop, Mobile, Unknown",certainly
4104.19.28,pull,current,man,technology,Women 25-44,throughout,Core - All4 - Tag 6,"Desktop, Mobile, Unknown",certainly
4104.19.28,pull,current,man,technology,Women 25-44,throughout,Core - All4 - Tag 4,"Desktop, Mobile, Unknown",certainly
4104.19.28,pull,current,man,technology,Women 25-44,throughout,Core - VMS - Tag 2,"Desktop, Mobile, Unknown",certainly
4147.77.31,fish,peace,man,present,Adults 15+,question,Core - RTE - Tag 4,"Desktop, Mobile, Unknown",everyone
4147.77.31,fish,peace,man,present,Adults 15+,question,Core - RTE - Tag 4,"Desktop, Mobile, Unknown",outside
4147.77.31,fish,peace,man,present,Adults 15+,question,Core - All4 - Tag 4,"Desktop, Mobile, Unknown",everyone
4147.77.31,fish,peace,man,present,Adults 15+,question,Core - All4 - Tag 4,"Desktop, Mobile, Unknown",outside
4147.77.31,fish,peace,man,present,Adults 15+,question,Rakuten - Influent Media -  Tag 4,"Desktop, Mobile, App",everyone
4147.77.31,fish,peace,man,present,Adults 15+,question,Rakuten - Influent Media -  Tag 4,"Desktop, Mobile, App",outside
4147.77.31,fish,peace,man,present,Adults 15+,question,Core - VMS - Tag 2,"Desktop, Mobile, Unknown",outside
4147.77.31,fish,peace,man,present,Adults 15+,question,Core - VMS - Tag 2,"Desktop, Mobile, Unknown",everyone
3954.10.15,point,various,man,take,Adults 15+,day,Core - All4 - Tag 4,"Desktop, Mobile, Unknown",crime
3954.10.15,point,various,man,take,Adults 15+,day,ClubberTV - Midroll Tag 4,"Desktop, Mobile, Unknown",treat
3954.10.15,point,various,man,take,Adults 15+,day,Rakuten - Influent Media -  Tag 4,"Desktop, Mobile, App",treat
3954.10.15,point,various,man,take,Adults 15+,day,ClubberTV - Midroll Tag 4,"Desktop, Mobile, Unknown",crime
3954.10.15,point,various,man,take,Adults 15+,day,Discovery+ Midroll - Tag 3,"Desktop, Mobile, Unknown",crime
3954.10.15,point,various,man,take,Adults 15+,day,Core - All4 - Tag 4,"Desktop, Mobile, Unknown",treat
3954.10.15,point,various,man,take,Adults 15+,day,Discovery+ Midroll - Tag 3,"Desktop, Mobile, Unknown",treat
3954.10.15,point,various,man,take,Adults 15+,day,Rakuten - Influent Media -  Tag 4,"Desktop, Mobile, App",crime
3954.10.15,point,various,man,take,Adults 15+,day,Core - RTE - Tag 4,"Desktop, Mobile, Unknown",crime
3954.10.15,point,various,man,take,Adults 15+,day,Core - RTE - Tag 4,"Desktop, Mobile, Unknown",treat
3954.10.15,point,various,man,take,Adults 15+,day,Core - VMS - Tag 2,"Desktop, Mobile, Unknown",treat
3954.10.15,point,various,man,take,Adults 15+,day,Core - VMS - Tag 2,"Desktop, Mobile, Unknown",crime
3954.10.15,point,various,man,take,Adults 15+,day,Core - Samsung TV - Tag 4,"Desktop, Mobile, Unknown",treat
3954.10.15,point,various,man,take,Adults 15+,day,Core - Samsung TV - Tag 4,"Desktop, Mobile, Unknown",crime
4270.2.5,treatment,dog,man,throughout,Adults 15-44,law,Core - RTE - Tag 2,"Desktop, Mobile, Unknown",pressure
4270.2.5,treatment,dog,man,throughout,Adults 15-44,law,Rakuten - Influent Media -  Tag 2,"Desktop, Mobile, App",pressure
4270.2.5,treatment,dog,man,throughout,Adults 15-44,law,Core - VMS - Tag 3,"Desktop, Mobile, Unknown",pressure
4270.2.5,treatment,dog,man,throughout,Adults 15-44,law,Core - Samsung TV - Tag 2,"Desktop, Mobile, Unknown",pressure
4270.2.5,treatment,dog,man,throughout,Adults 15-44,law,Discovery+ Midroll - Tag 2,"Desktop, Mobile, Unknown",pressure
4270.2.5,treatment,dog,man,throughout,Adults 15-44,law,Core - All4 - Tag 2,"Desktop, Mobile, Unknown",pressure
4270.2.5,treatment,dog,man,throughout,Adults 15-44,law,ClubberTV - Midroll Tag 2,"Desktop, Mobile, Unknown",pressure
4084.61.5,rise,present,man,which,Adults 25-54,trip,Core - RTE - Tag 6 - National Lottery,"Desktop, Mobile, Unknown",indicate
4084.61.5,rise,present,man,which,Adults 25-54,trip,MHIE_independent.ie,"Desktop, Mobile, App",indicate
4084.61.5,rise,present,man,which,Adults 25-54,trip,Dailymail.co.uk,"Desktop, Mobile",indicate
4084.61.5,rise,present,man,which,Adults 25-54,trip,Trinity Mirror,"Desktop, Mobile, App",indicate
4084.61.5,rise,present,man,which,Adults 25-54,trip,CORE - Sky Publisher Player,"Desktop, Mobile",indicate
4084.61.5,rise,present,man,which,Adults 25-54,trip,thejournal.ie,"Desktop, Mobile, App",indicate
4084.61.5,rise,present,man,which,Adults 25-54,trip,extra.ie,"Desktop, Mobile",indicate
4084.61.5,rise,present,man,which,Adults 25-54,trip,evoke.ie,"Desktop, Mobile",indicate
4084.61.5,rise,present,man,which,Adults 25-54,trip,CORE - Sky Video Player - SPORTS,"Desktop, Mobile",indicate
4084.61.5,rise,present,man,which,Adults 25-54,trip,Soundcloud Video - CORE,"Desktop, Mobile, App",indicate
4084.61.5,rise,present,man,which,Adults 25-54,trip,Core - VMS - Tag 1,"Desktop, Mobile, Unknown",indicate
4084.61.5,rise,present,man,which,Adults 25-54,trip,Sky Direct,"Desktop, Mobile, Unknown",indicate
4084.61.5,rise,present,man,which,Adults 25-54,trip,CORE - Sky Video Player - NEWS,"Desktop, Mobile",indicate
4084.61.5,rise,present,man,which,Adults 25-54,trip,Core - All4 - Tag 4,"Desktop, Mobile, Unknown",indicate
4084.61.5,rise,present,man,which,Adults 25-54,trip,Discovery+ Midroll - Tag 4,"Desktop, Mobile, Unknown",indicate
4084.61.5,rise,present,man,which,Adults 25-54,trip,ClubberTV - Midroll Tag 4,"Desktop, Mobile, Unknown",indicate
4210.25.13,Democrat,hold,man,if,Adults 15-44,happen,Core - RTE - Tag 4,"Desktop, Mobile, Unknown",watch
4210.25.13,Democrat,hold,man,if,Adults 15-44,happen,Dailymail.co.uk,"Desktop, Mobile",watch
4210.25.13,Democrat,hold,man,if,Adults 15-44,happen,MHIE_independent.ie,"Desktop, Mobile, App",watch
4210.25.13,Democrat,hold,man,if,Adults 15-44,happen,thejournal.ie,"Desktop, Mobile, App",watch
4210.25.13,Democrat,hold,man,if,Adults 15-44,happen,Trinity Mirror,"Desktop, Mobile, App",watch
4210.25.13,Democrat,hold,man,if,Adults 15-44,happen,Discovery+ Midroll - Tag 4,"Desktop, Mobile, Unknown",watch
4210.25.13,Democrat,hold,man,if,Adults 15-44,happen,Core - VMS - Tag 2,"Desktop, Mobile, Unknown",watch
4210.25.13,Democrat,hold,man,if,Adults 15-44,happen,Core - Samsung TV - Tag 4,"Desktop, Mobile, Unknown",watch
4210.25.13,Democrat,hold,man,if,Adults 15-44,happen,Core - All4 - Tag 4,"Desktop, Mobile, Unknown",watch
4210.25.13,Democrat,hold,man,if,Adults 15-44,happen,ClubberTV - Midroll Tag 4,"Desktop, Mobile, Unknown",watch
4210.25.13,Democrat,hold,man,if,Adults 15-44,happen,Soundcloud Video - CORE,"Desktop, Mobile, App",watch
4210.25.13,Democrat,hold,man,if,Adults 15-44,happen,evoke.ie,"Desktop, Mobile",watch
4210.25.13,Democrat,hold,man,if,Adults 15-44,happen,extra.ie,"Desktop, Mobile",watch
3993.42.5,school,whole,man,street,Adults 25-44,now,Core - RTE - Tag 1,"Desktop, Mobile, Unknown",in
3993.42.5,school,whole,man,street,Adults 25-44,now,Dailymail.co.uk,"Desktop, Mobile",in
3993.42.5,school,whole,man,street,Adults 25-44,now,MHIE_independent.ie,"Desktop, Mobile, App",in
3993.42.5,school,whole,man,street,Adults 25-44,now,CORE - Sky Publisher Player,"Desktop, Mobile",in
3993.42.5,school,whole,man,street,Adults 25-44,now,CORE - Sky Video Player - NEWS,"Desktop, Mobile",in
3993.42.5,school,whole,man,street,Adults 25-44,now,thejournal.ie,"Desktop, Mobile, App",in
3993.42.5,school,whole,man,street,Adults 25-44,now,CORE - Sky Video Player - SPORTS,"Desktop, Mobile",in
3993.42.5,school,whole,man,street,Adults 25-44,now,Core - Samsung TV - Tag 1,"Desktop, Mobile, Unknown",in
3993.42.5,school,whole,man,street,Adults 25-44,now,LG Instream - Tag 1,"Desktop, Mobile, Unknown",in
3993.42.5,school,whole,man,street,Adults 25-44,now,Discovery+ Preroll - Tag 1,"Desktop, Mobile, Unknown",in
3993.42.5,school,whole,man,street,Adults 25-44,now,Discovery+ Midroll - Tag 2,"Desktop, Mobile, Unknown",in
3993.42.5,school,whole,man,street,Adults 25-44,now,Core - All4 - Tag 3,"Desktop, Mobile, Unknown",in
3993.42.5,school,whole,man,street,Adults 25-44,now,Trinity Mirror,"Desktop, Mobile, App",in
3993.42.5,school,whole,man,street,Adults 25-44,now,Core - VMS - Tag 1,"Desktop, Mobile, Unknown",in
3993.42.5,school,whole,man,street,Adults 25-44,now,Soundcloud Video - CORE,"Desktop, Mobile, App",in
4016.19.6,eat,anyone,man,guess,Adults 25-44,now,Core - RTE - Tag 1,"Desktop, Mobile, Unknown",develop
4016.19.6,eat,anyone,man,guess,Adults 25-44,now,Dailymail.co.uk,"Desktop, Mobile",develop
4016.19.6,eat,anyone,man,guess,Adults 25-44,now,Trinity Mirror,"Desktop, Mobile, App",develop
4016.19.6,eat,anyone,man,guess,Adults 25-44,now,MHIE_independent.ie,"Desktop, Mobile, App",develop
4016.19.6,eat,anyone,man,guess,Adults 25-44,now,CORE - Sky Publisher Player,"Desktop, Mobile",develop
4016.19.6,eat,anyone,man,guess,Adults 25-44,now,thejournal.ie,"Desktop, Mobile, App",develop
4016.19.6,eat,anyone,man,guess,Adults 25-44,now,Core - VMS - Tag 1,"Desktop, Mobile, Unknown",develop
4016.19.6,eat,anyone,man,guess,Adults 25-44,now,LG Instream - Tag 1,"Desktop, Mobile, Unknown",develop
4016.19.6,eat,anyone,man,guess,Adults 25-44,now,Core - All4 - Tag 3,"Desktop, Mobile, Unknown",develop
4016.19.6,eat,anyone,man,guess,Adults 25-44,now,Discovery+ Midroll - Tag 2,"Desktop, Mobile, Unknown",develop
4016.19.6,eat,anyone,man,guess,Adults 25-44,now,Discovery+ Preroll - Tag 1,"Desktop, Mobile, Unknown",develop
4016.19.6,eat,anyone,man,guess,Adults 25-44,now,Core - Samsung TV - Tag 1,"Desktop, Mobile, Unknown",develop
4016.19.6,eat,anyone,man,guess,Adults 25-44,now,CORE - Sky Video Player - NEWS,"Desktop, Mobile",develop
4016.19.6,eat,anyone,man,guess,Adults 25-44,now,CORE - Sky Video Player - SPORTS,"Desktop, Mobile",develop
4016.19.6,eat,anyone,man,guess,Adults 25-44,now,Rakuten - Influent Media -  Tag 1,"Desktop, Mobile, App",develop
4016.19.6,eat,anyone,man,guess,Adults 25-44,now,Soundcloud Video - CORE,"Desktop, Mobile, App",develop
4219.18.8,argue,watch,man,task,Adults 25-44,discover,Trinity Mirror,"Desktop, Mobile, App",bit
4219.18.8,argue,watch,man,task,Adults 25-44,discover,Dailymail.co.uk,"Desktop, Mobile",bit
4219.18.8,argue,watch,man,task,Adults 25-44,discover,Core - RTE - Tag 4,"Desktop, Mobile, Unknown",bit
4219.18.8,argue,watch,man,task,Adults 25-44,discover,thejournal.ie,"Desktop, Mobile, App",bit
4219.18.8,argue,watch,man,task,Adults 25-44,discover,CORE - Sky Publisher Player,"Desktop, Mobile",bit
4219.18.8,argue,watch,man,task,Adults 25-44,discover,MHIE_independent.ie,"Desktop, Mobile, App",bit
4219.18.8,argue,watch,man,task,Adults 25-44,discover,Core - All4 - Tag 4,"Desktop, Mobile, Unknown",bit
4219.18.8,argue,watch,man,task,Adults 25-44,discover,CORE - Sky Video Player - NEWS,"Desktop, Mobile",bit
4219.18.8,argue,watch,man,task,Adults 25-44,discover,CORE - Sky Video Player - SPORTS,"Desktop, Mobile",bit
4085.23.6,rise,too,man,which,Adults 25-54,win,Sky Direct,"Desktop, Mobile, Unknown",service
4085.23.6,rise,too,man,which,Adults 25-54,win,Trinity Mirror,"Desktop, Mobile, App",service
4085.23.6,rise,too,man,which,Adults 25-54,win,Core - All4 - Tag 4,"Desktop, Mobile, Unknown",service
4085.23.6,rise,too,man,which,Adults 25-54,win,Core - RTE - Tag 6 - National Lottery,"Desktop, Mobile, Unknown",service
4085.23.6,rise,too,man,which,Adults 25-54,win,Dailymail.co.uk,"Desktop, Mobile",service
4085.23.6,rise,too,man,which,Adults 25-54,win,MHIE_independent.ie,"Desktop, Mobile, App",service
4085.23.6,rise,too,man,which,Adults 25-54,win,CORE - Sky Publisher Player,"Desktop, Mobile",service
4085.23.6,rise,too,man,which,Adults 25-54,win,thejournal.ie,"Desktop, Mobile, App",service
4085.23.6,rise,too,man,which,Adults 25-54,win,evoke.ie,"Desktop, Mobile",service
4085.23.6,rise,too,man,which,Adults 25-54,win,extra.ie,"Desktop, Mobile",service
4085.23.6,rise,too,man,which,Adults 25-54,win,CORE - Sky Video Player - NEWS,"Desktop, Mobile",service
4085.23.6,rise,too,man,which,Adults 25-54,win,Discovery+ Midroll - Tag 4,"Desktop, Mobile, Unknown",service
4085.23.6,rise,too,man,which,Adults 25-54,win,Soundcloud Video - CORE,"Desktop, Mobile, App",service
4085.23.6,rise,too,man,which,Adults 25-54,win,CORE - Sky Video Player - SPORTS,"Desktop, Mobile",service
4085.23.6,rise,too,man,which,Adults 25-54,win,Core - VMS - Tag 1,"Desktop, Mobile, Unknown",service
4395.4.8,agree,show,man,enough,Adults 25-44,blood,CORE - Sky Video Player - NEWS,"Desktop, Mobile",toward
4395.4.8,agree,show,man,enough,Adults 25-44,blood,CORE - Sky Video Player - SPORTS,"Desktop, Mobile",toward
4395.4.8,agree,show,man,enough,Adults 25-44,blood,Core - RTE - Tag 38,"Desktop, Mobile, Unknown",toward
4395.4.8,agree,show,man,enough,Adults 25-44,blood,MHIE_independent.ie,"Desktop, Mobile, App",toward
4395.4.8,agree,show,man,enough,Adults 25-44,blood,Core - VMS - Tag 3,"Desktop, Mobile, Unknown",toward
4395.4.8,agree,show,man,enough,Adults 25-44,blood,Core - All4 - Tag 1,"Desktop, Mobile, Unknown",toward
4395.4.8,agree,show,man,enough,Adults 25-44,blood,Soundcloud Video - CORE,"Desktop, Mobile, App",toward
4395.4.8,agree,show,man,enough,Adults 25-44,blood,Dailymail.co.uk,"Desktop, Mobile",toward
4395.4.8,agree,show,man,enough,Adults 25-44,blood,thejournal.ie,"Desktop, Mobile, App",toward
4395.4.8,agree,show,man,enough,Adults 25-44,blood,CORE - Sky Publisher Player,"Desktop, Mobile",toward
4395.4.8,agree,show,man,enough,Adults 25-44,blood,evoke.ie,"Desktop, Mobile",toward
4395.4.8,agree,show,man,enough,Adults 25-44,blood,extra.ie,"Desktop, Mobile",toward
4395.4.8,agree,show,man,enough,Adults 25-44,blood,LG Instream - Tag 1,"Desktop, Mobile, Unknown",toward
4084.51.5,rise,present,man,which,Adults 25-54,trip,Core - RTE - Tag 6 - National Lottery,"Desktop, Mobile, Unknown",indicate
4084.51.5,rise,present,man,which,Adults 25-54,trip,Dailymail.co.uk,"Desktop, Mobile",indicate
4084.51.5,rise,present,man,which,Adults 25-54,trip,MHIE_independent.ie,"Desktop, Mobile, App",indicate
4084.51.5,rise,present,man,which,Adults 25-54,trip,Trinity Mirror,"Desktop, Mobile, App",indicate
4084.51.5,rise,present,man,which,Adults 25-54,trip,CORE - Sky Video Player - NEWS,"Desktop, Mobile",indicate
4084.51.5,rise,present,man,which,Adults 25-54,trip,thejournal.ie,"Desktop, Mobile, App",indicate
4084.51.5,rise,present,man,which,Adults 25-54,trip,CORE - Sky Publisher Player,"Desktop, Mobile",indicate
4084.51.5,rise,present,man,which,Adults 25-54,trip,CORE - Sky Video Player - SPORTS,"Desktop, Mobile",indicate
4084.51.5,rise,present,man,which,Adults 25-54,trip,Core - VMS - Tag 1,"Desktop, Mobile, Unknown",indicate
4084.51.5,rise,present,man,which,Adults 25-54,trip,Core - All4 - Tag 4,"Desktop, Mobile, Unknown",indicate
4084.51.5,rise,present,man,which,Adults 25-54,trip,Discovery+ Midroll - Tag 4,"Desktop, Mobile, Unknown",indicate
4084.51.5,rise,present,man,which,Adults 25-54,trip,Soundcloud Video - CORE,"Desktop, Mobile, App",indicate
4306.7.10,upon,short,man,enjoy,Adults 15+,member,Core - RTE - Tag 4,"Desktop, Mobile, Unknown",low
4306.7.10,upon,short,man,enjoy,Adults 15+,member,Core - RTE - Tag 4,"Desktop, Mobile, Unknown",glass
4306.7.10,upon,short,man,enjoy,Adults 15+,member,Core - RTE - Tag 4,"Desktop, Mobile, Unknown",involve
4306.7.10,upon,short,man,enjoy,Adults 15+,member,Core - RTE - Tag 4,"Desktop, Mobile, Unknown",impact
4306.7.10,upon,short,man,enjoy,Adults 15+,member,CORE - Sky Video Player - NEWS,"Desktop, Mobile",low
4306.7.10,upon,short,man,enjoy,Adults 15+,member,CORE - Sky Video Player - NEWS,"Desktop, Mobile",glass
4306.7.10,upon,short,man,enjoy,Adults 15+,member,CORE - Sky Video Player - NEWS,"Desktop, Mobile",impact
4306.7.10,upon,short,man,enjoy,Adults 15+,member,CORE - Sky Video Player - NEWS,"Desktop, Mobile",involve
4306.7.10,upon,short,man,enjoy,Adults 15+,member,CORE - Sky Video Player - SPORTS,"Desktop, Mobile",low
4306.7.10,upon,short,man,enjoy,Adults 15+,member,CORE - Sky Video Player - SPORTS,"Desktop, Mobile",glass
4306.7.10,upon,short,man,enjoy,Adults 15+,member,CORE - Sky Video Player - SPORTS,"Desktop, Mobile",involve
4306.7.10,upon,short,man,enjoy,Adults 15+,member,CORE - Sky Video Player - SPORTS,"Desktop, Mobile",impact
4306.7.10,upon,short,man,enjoy,Adults 15+,member,MHIE_independent.ie,"Desktop, Mobile, App",impact
4306.7.10,upon,short,man,enjoy,Adults 15+,member,MHIE_independent.ie,"Desktop, Mobile, App",low
4306.7.10,upon,short,man,enjoy,Adults 15+,member,Soundcloud Video - CORE,"Desktop, Mobile, App",impact
4306.7.10,upon,short,man,enjoy,Adults 15+,member,Soundcloud Video - CORE,"Desktop, Mobile, App",involve
4306.7.10,upon,short,man,enjoy,Adults 15+,member,Soundcloud Video - CORE,"Desktop, Mobile, App",low
4306.7.10,upon,short,man,enjoy,Adults 15+,member,Soundcloud Video - CORE,"Desktop, Mobile, App",glass
3993.45.6,school,whole,man,street,Adults 15+,yet,Core - RTE Tag 44- AIB HOTY Package,"Desktop, Mobile, Unknown",involve
3993.45.6,school,whole,man,street,Adults 15+,yet,Core - RTE Tag 44- AIB HOTY Package,"Desktop, Mobile, Unknown",former
4032.5.9,away,job,man,teach,Adults 25-44,by,Sky Direct,"Desktop, Mobile, Unknown",hot
4032.5.9,away,job,man,teach,Adults 25-44,by,Sky Direct,"Desktop, Mobile, Unknown",actually
4032.5.9,away,job,man,teach,Adults 25-44,by,Core - RTE - Tag 1,"Desktop, Mobile, Unknown",actually
4032.5.9,away,job,man,teach,Adults 25-44,by,Core - RTE - Tag 1,"Desktop, Mobile, Unknown",hot
4032.5.9,away,job,man,teach,Adults 25-44,by,Core - All4 - Tag 3,"Desktop, Mobile, Unknown",hot
4032.5.9,away,job,man,teach,Adults 25-44,by,Core - VMS - Tag 1,"Desktop, Mobile, Unknown",actually
4032.5.9,away,job,man,teach,Adults 25-44,by,Rakuten - Influent Media -  Tag 1,"Desktop, Mobile, App",actually
4032.5.9,away,job,man,teach,Adults 25-44,by,Core - VMS - Tag 1,"Desktop, Mobile, Unknown",hot
4032.5.9,away,job,man,teach,Adults 25-44,by,Core - All4 - Tag 3,"Desktop, Mobile, Unknown",actually
4032.5.9,away,job,man,teach,Adults 25-44,by,Rakuten - Influent Media -  Tag 1,"Desktop, Mobile, App",hot
4032.5.9,away,job,man,teach,Adults 25-44,by,Core - Samsung TV - Tag 1,"Desktop, Mobile, Unknown",hot
4032.5.9,away,job,man,teach,Adults 25-44,by,Discovery+ Midroll - Tag 2,"Desktop, Mobile, Unknown",hot
4032.5.9,away,job,man,teach,Adults 25-44,by,Discovery+ Preroll - Tag 1,"Desktop, Mobile, Unknown",actually
4032.5.9,away,job,man,teach,Adults 25-44,by,Discovery+ Midroll - Tag 2,"Desktop, Mobile, Unknown",actually
4032.5.9,away,job,man,teach,Adults 25-44,by,ClubberTV - Preroll Tag 1,"Desktop, Mobile, Unknown",hot
4032.5.9,away,job,man,teach,Adults 25-44,by,Discovery+ Preroll - Tag 1,"Desktop, Mobile, Unknown",hot
4032.5.9,away,job,man,teach,Adults 25-44,by,ClubberTV - Preroll Tag 1,"Desktop, Mobile, Unknown",actually
4102.11.5,water,it,man,you,Adults 15+,young,Sky Direct,"Desktop, Mobile, Unknown",type
4102.11.5,water,it,man,you,Adults 15+,young,Sky Direct,"Desktop, Mobile, Unknown",game
4130.24.3,quickly,day,man,rather,Adults 15+,statement,Sky Direct,"Desktop, Mobile, Unknown",threat
4176.10.4,drop,claim,man,religious,Adults 25-44,anything,Sky Direct,"Desktop, Mobile, Unknown",might
4105.3.7,writer,very,man,rest,ABC1 Adults,note,Sky Direct,"Desktop, Mobile, Unknown",believe
4105.3.10,writer,very,man,rest,ABC1 Adults,note,Core - RTE - Tag 38,"Desktop, Mobile, Unknown",believe
4105.3.10,writer,very,man,rest,ABC1 Adults,note,Core - VMS - Tag 1,"Desktop, Mobile, Unknown",believe
4105.3.10,writer,very,man,rest,ABC1 Adults,note,Core - All4 - Tag 6,"Desktop, Mobile, Unknown",believe
4105.3.10,writer,very,man,rest,ABC1 Adults,note,Rakuten - Influent Media -  Tag 3,"Desktop, Mobile, App",believe
4105.5.10,writer,very,man,rest,ABC1 Adults,here,Core - RTE - Tag 38,"Desktop, Mobile, Unknown",want
4105.5.10,writer,very,man,rest,ABC1 Adults,here,ClubberTV - Midroll Tag 2,"Desktop, Mobile, Unknown",want
4105.5.10,writer,very,man,rest,ABC1 Adults,here,Core - Samsung TV - Tag 3,"Desktop, Mobile, Unknown",want
4105.5.10,writer,very,man,rest,ABC1 Adults,here,Discovery+ Midroll - Tag 3,"Desktop, Mobile, Unknown",want
4105.5.10,writer,very,man,rest,ABC1 Adults,here,Sky Direct,"Desktop, Mobile, Unknown",want
4105.5.10,writer,very,man,rest,ABC1 Adults,here,Core - VMS - Tag 1,"Desktop, Mobile, Unknown",want
4105.5.10,writer,very,man,rest,ABC1 Adults,here,Core - All4 - Tag 3,"Desktop, Mobile, Unknown",want
4105.5.10,writer,very,man,rest,ABC1 Adults,here,Core - All4 - Tag 6,"Desktop, Mobile, Unknown",want
4105.5.10,writer,very,man,rest,ABC1 Adults,here,Rakuten - Influent Media -  Tag 3,"Desktop, Mobile, App",want
4148.5.9,tax,nature,man,reason,Adults 15+,music,Sky Direct,"Desktop, Mobile, Unknown",decide
4148.5.13,tax,nature,man,reason,Adults 15+,music,MHIE_independent.ie,"Desktop, Mobile, App",Mrs
4148.5.13,tax,nature,man,reason,Adults 15+,music,Dailymail.co.uk,"Desktop, Mobile",decide
4148.5.13,tax,nature,man,reason,Adults 15+,music,Dailymail.co.uk,"Desktop, Mobile",Mrs
4148.5.13,tax,nature,man,reason,Adults 15+,music,Core - RTE - Tag 38,"Desktop, Mobile, Unknown",decide
4148.5.13,tax,nature,man,reason,Adults 15+,music,MHIE_independent.ie,"Desktop, Mobile, App",decide
4148.5.13,tax,nature,man,reason,Adults 15+,music,Core - RTE - Tag 38,"Desktop, Mobile, Unknown",Mrs
4148.5.13,tax,nature,man,reason,Adults 15+,music,CORE - Sky Publisher Player,"Desktop, Mobile",decide
4148.5.13,tax,nature,man,reason,Adults 15+,music,CORE - Sky Publisher Player,"Desktop, Mobile",Mrs
4148.5.13,tax,nature,man,reason,Adults 15+,music,thejournal.ie,"Desktop, Mobile, App",Mrs
4148.5.13,tax,nature,man,reason,Adults 15+,music,thejournal.ie,"Desktop, Mobile, App",decide
4148.5.13,tax,nature,man,reason,Adults 15+,music,extra.ie,"Desktop, Mobile",decide
4148.5.13,tax,nature,man,reason,Adults 15+,music,extra.ie,"Desktop, Mobile",Mrs
4148.5.13,tax,nature,man,reason,Adults 15+,music,Core - RTE - Tag 8 - SF,"Desktop, Mobile, Unknown",Mrs
4148.5.13,tax,nature,man,reason,Adults 15+,music,evoke.ie,"Desktop, Mobile",Mrs
4148.5.13,tax,nature,man,reason,Adults 15+,music,evoke.ie,"Desktop, Mobile",decide
4148.5.13,tax,nature,man,reason,Adults 15+,music,CORE - Sky Video Player - NEWS,"Desktop, Mobile",decide
4148.5.13,tax,nature,man,reason,Adults 15+,music,Core - VMS - Tag 2,"Desktop, Mobile, Unknown",decide
4148.5.13,tax,nature,man,reason,Adults 15+,music,CORE - Sky Video Player - NEWS,"Desktop, Mobile",Mrs
4148.5.13,tax,nature,man,reason,Adults 15+,music,Soundcloud Video - CORE,"Desktop, Mobile, App",Mrs
4148.5.13,tax,nature,man,reason,Adults 15+,music,Discovery+ Midroll - Tag 3,"Desktop, Mobile, Unknown",Mrs
4148.5.13,tax,nature,man,reason,Adults 15+,music,Rakuten - Influent Media -  Tag 4,"Desktop, Mobile, App",Mrs
4148.5.13,tax,nature,man,reason,Adults 15+,music,Discovery+ Midroll - Tag 3,"Desktop, Mobile, Unknown",decide
4148.5.13,tax,nature,man,reason,Adults 15+,music,CORE - Sky Video Player - SPORTS,"Desktop, Mobile",Mrs
4148.5.13,tax,nature,man,reason,Adults 15+,music,CORE - Sky Video Player - SPORTS,"Desktop, Mobile",decide
4148.5.13,tax,nature,man,reason,Adults 15+,music,Rakuten - Influent Media -  Tag 4,"Desktop, Mobile, App",decide
4148.5.13,tax,nature,man,reason,Adults 15+,music,Core - VMS - Tag 2,"Desktop, Mobile, Unknown",Mrs
4148.5.13,tax,nature,man,reason,Adults 15+,music,Soundcloud Video - CORE,"Desktop, Mobile, App",decide
4148.5.13,tax,nature,man,reason,Adults 15+,music,Trinity Mirror,"Desktop, Mobile, App",Mrs
4148.5.13,tax,nature,man,reason,Adults 15+,music,Trinity Mirror,"Desktop, Mobile, App",decide
4148.5.13,tax,nature,man,reason,Adults 15+,music,Sky Direct,"Desktop, Mobile, Unknown",decide
4148.5.13,tax,nature,man,reason,Adults 15+,music,Core - All4 - Tag 4,"Desktop, Mobile, Unknown",Mrs
4148.5.13,tax,nature,man,reason,Adults 15+,music,Sky Direct,"Desktop, Mobile, Unknown",Mrs
4148.5.13,tax,nature,man,reason,Adults 15+,music,Core - All4 - Tag 4,"Desktop, Mobile, Unknown",decide
4148.5.13,tax,nature,man,reason,Adults 15+,music,Core - Samsung TV - Tag 4,"Desktop, Mobile, Unknown",Mrs
4148.5.13,tax,nature,man,reason,Adults 15+,music,Core - Samsung TV - Tag 4,"Desktop, Mobile, Unknown",decide
4148.5.13,tax,nature,man,reason,Adults 15+,music,Core - All4 - Tag 6,"Desktop, Mobile, Unknown",decide
4148.5.13,tax,nature,man,reason,Adults 15+,music,Core - All4 - Tag 6,"Desktop, Mobile, Unknown",Mrs
4148.5.13,tax,nature,man,reason,Adults 15+,music,ClubberTV - Midroll Tag 4,"Desktop, Mobile, Unknown",decide
4148.5.13,tax,nature,man,reason,Adults 15+,music,ClubberTV - Midroll Tag 4,"Desktop, Mobile, Unknown",Mrs
4115.6.105,way,why,man,teach,Adults 25+,experience,Core - RTE - Tag 38,"Desktop, Mobile, Unknown",exist
4115.6.105,way,why,man,teach,Adults 25+,experience,Discovery+ Midroll - Tag 4,"Desktop, Mobile, Unknown",exist
4115.6.105,way,why,man,teach,Adults 25+,experience,Core - All4 - Tag 1,"Desktop, Mobile, Unknown",exist
4115.6.105,way,why,man,teach,Adults 25+,experience,Sky Direct,"Desktop, Mobile, Unknown",exist
4115.6.105,way,why,man,teach,Adults 25+,experience,Rakuten - Influent Media -  Tag 1,"Desktop, Mobile, App",exist
4115.6.105,way,why,man,teach,Adults 25+,experience,Core - Samsung TV - Tag 1,"Desktop, Mobile, Unknown",exist
4115.6.105,way,why,man,teach,Adults 25+,experience,Core - VMS - Tag 4,"Desktop, Mobile, Unknown",exist
4115.6.105,way,why,man,teach,Adults 25+,experience,ClubberTV - Midroll Tag 3,"Desktop, Mobile, Unknown",exist
4116.32.25,way,foreign,man,teach,Adults 25-54,have,Core - RTE - Tag 38,"Desktop, Mobile, Unknown",determine
4116.32.25,way,foreign,man,teach,Adults 25-54,have,Core - All4 - Tag 1,"Desktop, Mobile, Unknown",determine
4116.32.25,way,foreign,man,teach,Adults 25-54,have,Discovery+ Midroll - Tag 4,"Desktop, Mobile, Unknown",determine
4116.32.25,way,foreign,man,teach,Adults 25-54,have,Sky Direct,"Desktop, Mobile, Unknown",determine
4116.32.25,way,foreign,man,teach,Adults 25-54,have,Rakuten - Influent Media -  Tag 1,"Desktop, Mobile, App",determine
4116.32.25,way,foreign,man,teach,Adults 25-54,have,Core - VMS - Tag 4,"Desktop, Mobile, Unknown",determine
4116.32.25,way,foreign,man,teach,Adults 25-54,have,Core - Samsung TV - Tag 1,"Desktop, Mobile, Unknown",determine
4116.32.25,way,foreign,man,teach,Adults 25-54,have,ClubberTV - Midroll Tag 3,"Desktop, Mobile, Unknown",determine
4119.7.37,way,line,man,end,Adults 25-54,necessary,Sky Direct,"Desktop, Mobile, Unknown",eight
4034.5.23,garden,thank,man,point,Adults 25-44,surface,Core - RTE - Tag 2,"Desktop, Mobile, Unknown",trip
4034.5.23,garden,thank,man,point,Adults 25-44,surface,Core - RTE - Tag 2,"Desktop, Mobile, Unknown",father
4034.5.23,garden,thank,man,point,Adults 25-44,surface,Core - VMS - Tag 3,"Desktop, Mobile, Unknown",trip
4034.5.23,garden,thank,man,point,Adults 25-44,surface,Core - VMS - Tag 3,"Desktop, Mobile, Unknown",father
4034.5.23,garden,thank,man,point,Adults 25-44,surface,Rakuten - Influent Media -  Tag 2,"Desktop, Mobile, App",trip
4034.5.23,garden,thank,man,point,Adults 25-44,surface,Rakuten - Influent Media -  Tag 2,"Desktop, Mobile, App",father
4034.5.23,garden,thank,man,point,Adults 25-44,surface,Core - All4 - Tag 2,"Desktop, Mobile, Unknown",father
4034.5.23,garden,thank,man,point,Adults 25-44,surface,Core - All4 - Tag 2,"Desktop, Mobile, Unknown",trip
4161.19.14,us,push,man,American,Adults 25-44,behavior,Sky Direct,"Desktop, Mobile, Unknown",worker
4085.20.6,rise,too,man,which,Adults 25-54,win,Sky Direct,"Desktop, Mobile, Unknown",service
4102.12.8,water,it,man,you,Adults 15+,young,Sky Direct,"Desktop, Mobile, Unknown",crime
4164.3.8,your,rest,man,toward,Women 25-44,section,Sky Direct,"Desktop, Mobile, Unknown",gas
4041.16.8,pull,threat,man,network,Adults 35+,himself,Core - VMS Tag 10 - Disney Package SN,"Desktop, Mobile, Unknown",move
4085.21.6,rise,too,man,which,Adults 25-54,win,Sky Direct,"Desktop, Mobile, Unknown",service
4159.24.13,us,hospital,man,American,Adults 25-44,early,Sky Direct,"Desktop, Mobile, Unknown",strategy
4159.24.17,us,hospital,man,American,Adults 25-44,early,Core - RTE - Tag 4,"Desktop, Mobile, Unknown",strategy
4159.24.17,us,hospital,man,American,Adults 25-44,early,Dailymail.co.uk,"Desktop, Mobile",strategy
4159.24.17,us,hospital,man,American,Adults 25-44,early,MHIE_independent.ie,"Desktop, Mobile, App",strategy
4159.24.17,us,hospital,man,American,Adults 25-44,early,Trinity Mirror,"Desktop, Mobile, App",strategy
4159.24.17,us,hospital,man,American,Adults 25-44,early,CORE - Sky Publisher Player,"Desktop, Mobile",strategy
4159.24.17,us,hospital,man,American,Adults 25-44,early,extra.ie,"Desktop, Mobile",strategy
4159.24.17,us,hospital,man,American,Adults 25-44,early,thejournal.ie,"Desktop, Mobile, App",strategy
4159.24.17,us,hospital,man,American,Adults 25-44,early,evoke.ie,"Desktop, Mobile",strategy
4159.24.17,us,hospital,man,American,Adults 25-44,early,CORE - Sky Video Player - SPORTS,"Desktop, Mobile",strategy
4159.24.17,us,hospital,man,American,Adults 25-44,early,Discovery+ Midroll - Tag 3,"Desktop, Mobile, Unknown",strategy
4159.24.17,us,hospital,man,American,Adults 25-44,early,CORE - Sky Video Player - NEWS,"Desktop, Mobile",strategy
4159.24.17,us,hospital,man,American,Adults 25-44,early,Core - VMS - Tag 2,"Desktop, Mobile, Unknown",strategy
4159.24.17,us,hospital,man,American,Adults 25-44,early,Rakuten - Influent Media -  Tag 4,"Desktop, Mobile, App",strategy
4159.24.17,us,hospital,man,American,Adults 25-44,early,Core - All4 - Tag 4,"Desktop, Mobile, Unknown",strategy
4159.24.17,us,hospital,man,American,Adults 25-44,early,Sky Direct,"Desktop, Mobile, Unknown",strategy
4159.24.17,us,hospital,man,American,Adults 25-44,early,Core - Samsung TV - Tag 4,"Desktop, Mobile, Unknown",strategy
4159.24.17,us,hospital,man,American,Adults 25-44,early,Soundcloud Video - CORE,"Desktop, Mobile, App",strategy
4159.24.17,us,hospital,man,American,Adults 25-44,early,ClubberTV - Midroll Tag 4,"Desktop, Mobile, Unknown",strategy
4300.12.6,under,class,man,hold,Adults 15+,drive,Core - RTE - Tag 42,"Desktop, Mobile, Unknown",history
4300.12.6,under,class,man,hold,Adults 15+,drive,MHIE_independent.ie,"Desktop, Mobile, App",history
4300.12.6,under,class,man,hold,Adults 15+,drive,Dailymail.co.uk,"Desktop, Mobile",history
4300.12.6,under,class,man,hold,Adults 15+,drive,CORE - Sky Publisher Player,"Desktop, Mobile",history
4300.12.6,under,class,man,hold,Adults 15+,drive,Trinity Mirror,"Desktop, Mobile, App",history
4300.12.6,under,class,man,hold,Adults 15+,drive,extra.ie,"Desktop, Mobile",history
4300.12.6,under,class,man,hold,Adults 15+,drive,evoke.ie,"Desktop, Mobile",history
4300.12.6,under,class,man,hold,Adults 15+,drive,thejournal.ie,"Desktop, Mobile, App",history
4300.12.6,under,class,man,hold,Adults 15+,drive,Core - RTE - Tag 8 - SF,"Desktop, Mobile, Unknown",history
4300.12.6,under,class,man,hold,Adults 15+,drive,CORE - Sky Video Player - SPORTS,"Desktop, Mobile",history
4300.12.6,under,class,man,hold,Adults 15+,drive,Soundcloud Video - CORE,"Desktop, Mobile, App",history
4300.12.6,under,class,man,hold,Adults 15+,drive,Core - VMS - Tag 3,"Desktop, Mobile, Unknown",history
4300.12.6,under,class,man,hold,Adults 15+,drive,Discovery+ Midroll - Tag 2,"Desktop, Mobile, Unknown",history
4300.12.6,under,class,man,hold,Adults 15+,drive,Rakuten - Influent Media -  Tag 2,"Desktop, Mobile, App",history
4300.12.6,under,class,man,hold,Adults 15+,drive,CORE - Sky Video Player - NEWS,"Desktop, Mobile",history
4300.12.6,under,class,man,hold,Adults 15+,drive,Dailymail.co.uk,"Desktop, Mobile",energy
4300.12.6,under,class,man,hold,Adults 15+,drive,extra.ie,"Desktop, Mobile",energy
4300.12.6,under,class,man,hold,Adults 15+,drive,evoke.ie,"Desktop, Mobile",energy
4300.12.6,under,class,man,hold,Adults 15+,drive,Rakuten - Influent Media -  Tag 2,"Desktop, Mobile, App",energy
4300.12.6,under,class,man,hold,Adults 15+,drive,Discovery+ Midroll - Tag 2,"Desktop, Mobile, Unknown",energy
4300.12.6,under,class,man,hold,Adults 15+,drive,Core - RTE - Tag 42,"Desktop, Mobile, Unknown",energy
4300.12.6,under,class,man,hold,Adults 15+,drive,Trinity Mirror,"Desktop, Mobile, App",energy
4300.12.6,under,class,man,hold,Adults 15+,drive,CORE - Sky Publisher Player,"Desktop, Mobile",energy
4300.12.6,under,class,man,hold,Adults 15+,drive,MHIE_independent.ie,"Desktop, Mobile, App",energy
4300.12.6,under,class,man,hold,Adults 15+,drive,thejournal.ie,"Desktop, Mobile, App",energy
4300.12.6,under,class,man,hold,Adults 15+,drive,Core - RTE - Tag 8 - SF,"Desktop, Mobile, Unknown",energy
4300.12.6,under,class,man,hold,Adults 15+,drive,CORE - Sky Video Player - SPORTS,"Desktop, Mobile",energy
4300.12.6,under,class,man,hold,Adults 15+,drive,CORE - Sky Video Player - NEWS,"Desktop, Mobile",energy
4300.12.6,under,class,man,hold,Adults 15+,drive,Sky Direct,"Desktop, Mobile, Unknown",history
4300.12.6,under,class,man,hold,Adults 15+,drive,Core - VMS - Tag 3,"Desktop, Mobile, Unknown",energy
4300.12.6,under,class,man,hold,Adults 15+,drive,Core - Samsung TV - Tag 2,"Desktop, Mobile, Unknown",energy
3891.25.5,former,best,man,public,Adults 25-44,my,Core - All4 - Tag 2,"Desktop, Mobile, Unknown",again
3891.25.5,former,best,man,public,Adults 25-44,my,Discovery+ Midroll - Tag 3,"Desktop, Mobile, Unknown",again
3891.25.5,former,best,man,public,Adults 25-44,my,Sky Direct,"Desktop, Mobile, Unknown",again
3891.25.5,former,best,man,public,Adults 25-44,my,Core - RTE - Tag 39,"Desktop, Mobile, Unknown",again
3891.25.5,former,best,man,public,Adults 25-44,my,Rakuten - Influent Media -  Tag 2,"Desktop, Mobile, App",again
3891.25.5,former,best,man,public,Adults 25-44,my,Core - VMS - Tag 4,"Desktop, Mobile, Unknown",again
3891.25.5,former,best,man,public,Adults 25-44,my,Core - Samsung TV - Tag 2,"Desktop, Mobile, Unknown",again
3891.25.5,former,best,man,public,Adults 25-44,my,ClubberTV - Midroll Tag 3,"Desktop, Mobile, Unknown",again
3893.18.5,suggest,fine,man,you,Adults 15+,partner,Core - RTE - Tag 4,"Desktop, Mobile, Unknown",moment
3893.18.5,suggest,fine,man,you,Adults 15+,partner,Core - RTE - Tag 4,"Desktop, Mobile, Unknown",Republican
3893.18.5,suggest,fine,man,you,Adults 15+,partner,Core- TG4,"Desktop, Mobile, App",moment
3893.18.5,suggest,fine,man,you,Adults 15+,partner,Core- TG4,"Desktop, Mobile, App",Republican
3893.18.5,suggest,fine,man,you,Adults 15+,partner,Core - All4 - Tag 6,"Desktop, Mobile, Unknown",moment
3893.18.5,suggest,fine,man,you,Adults 15+,partner,Core - All4 - Tag 6,"Desktop, Mobile, Unknown",Republican
3893.18.5,suggest,fine,man,you,Adults 15+,partner,Core - Samsung TV - Tag 3,"Desktop, Mobile, Unknown",Republican
3893.18.5,suggest,fine,man,you,Adults 15+,partner,Core - VMS - Tag 1,"Desktop, Mobile, Unknown",Republican
3893.18.5,suggest,fine,man,you,Adults 15+,partner,Core - Samsung TV - Tag 3,"Desktop, Mobile, Unknown",moment
3893.18.5,suggest,fine,man,you,Adults 15+,partner,Core - VMS - Tag 1,"Desktop, Mobile, Unknown",moment
3893.18.5,suggest,fine,man,you,Adults 15+,partner,ClubberTV - Midroll Tag 3,"Desktop, Mobile, Unknown",moment
3893.18.5,suggest,fine,man,you,Adults 15+,partner,ClubberTV - Midroll Tag 3,"Desktop, Mobile, Unknown",Republican
3893.18.5,suggest,fine,man,you,Adults 15+,partner,Rakuten - Influent Media -  Tag 3,"Desktop, Mobile, App",moment
3893.18.5,suggest,fine,man,you,Adults 15+,partner,Rakuten - Influent Media -  Tag 3,"Desktop, Mobile, App",Republican
3893.18.5,suggest,fine,man,you,Adults 15+,partner,Core - All4 - Tag 3,"Desktop, Mobile, Unknown",moment
3893.18.5,suggest,fine,man,you,Adults 15+,partner,Core - All4 - Tag 3,"Desktop, Mobile, Unknown",Republican
3554.86.19,edge,civil,organization,computer,Men who have Sex with Men,address,extra.ie,"Desktop, Mobile",girl
3554.86.19,edge,civil,organization,computer,Men who have Sex with Men,address,evoke.ie,"Desktop, Mobile",girl
3554.86.19,edge,civil,organization,computer,Men who have Sex with Men,address,extra.ie,"Desktop, Mobile",agency
3554.86.19,edge,civil,organization,computer,Men who have Sex with Men,address,evoke.ie,"Desktop, Mobile",agency
3554.86.19,edge,civil,organization,computer,Men who have Sex with Men,address,extra.ie,Desktop,Democrat
3554.86.19,edge,civil,organization,computer,Men who have Sex with Men,address,evoke.ie,Desktop,Democrat
3554.86.19,edge,civil,organization,computer,Men who have Sex with Men,address,MHIE_independent.ie,Desktop,increase
3554.86.19,edge,civil,organization,computer,Men who have Sex with Men,address,MHIE_independent.ie,Desktop,Democrat
3554.86.19,edge,civil,organization,computer,Men who have Sex with Men,address,thejournal.ie,Desktop,increase
3554.86.19,edge,civil,organization,computer,Men who have Sex with Men,address,thejournal.ie,Desktop,Democrat
3554.86.19,edge,civil,organization,computer,Men who have Sex with Men,address,MHIE_independent.ie,"Desktop, Mobile",agency
3554.86.19,edge,civil,organization,computer,Men who have Sex with Men,address,MHIE_independent.ie,"Desktop, Mobile",begin
3554.86.19,edge,civil,organization,computer,Men who have Sex with Men,address,MHIE_independent.ie,"Desktop, Mobile",girl
3554.86.19,edge,civil,organization,computer,Men who have Sex with Men,address,thejournal.ie,"Desktop, Mobile",girl
3554.86.19,edge,civil,organization,computer,Men who have Sex with Men,address,the42.ie,Desktop,increase
3554.86.19,edge,civil,organization,computer,Men who have Sex with Men,address,the42.ie,Desktop,Democrat
3554.86.19,edge,civil,organization,computer,Men who have Sex with Men,address,extra.ie,"Desktop, Mobile",begin
3554.86.19,edge,civil,organization,computer,Men who have Sex with Men,address,the42.ie,"Desktop, Mobile",girl
3554.86.19,edge,civil,organization,computer,Men who have Sex with Men,address,Her.ie,"Desktop, Mobile",agency
3943.47.4,future,east,man,method,Adults 25-54,wrong,Core - VMS Tag 15- VHI 6 Nations Package,"Desktop, Mobile, Unknown",religious
3943.18.6,future,east,man,method,Adults 25-54,wrong,Core - RTE - Tag 1,"Desktop, Mobile, Unknown",stock
3943.18.6,future,east,man,method,Adults 25-54,wrong,Trinity Mirror,"Desktop, Mobile, App",stock
3943.18.6,future,east,man,method,Adults 25-54,wrong,MHIE_independent.ie,"Desktop, Mobile, App",stock
3943.18.6,future,east,man,method,Adults 25-54,wrong,thejournal.ie,"Desktop, Mobile, App",stock
3943.18.6,future,east,man,method,Adults 25-54,wrong,CORE - Sky Publisher Player,"Desktop, Mobile",stock
3943.18.6,future,east,man,method,Adults 25-54,wrong,Core - RTE - Tag 8 - SF,"Desktop, Mobile, Unknown",stock
3943.18.6,future,east,man,method,Adults 25-54,wrong,Discovery+ Preroll - Tag 1,"Desktop, Mobile, Unknown",stock
3943.18.6,future,east,man,method,Adults 25-54,wrong,Core - VMS - Tag 1,"Desktop, Mobile, Unknown",stock
3943.18.6,future,east,man,method,Adults 25-54,wrong,Discovery+ Midroll - Tag 2,"Desktop, Mobile, Unknown",stock
3943.18.6,future,east,man,method,Adults 25-54,wrong,Core - All4 - Tag 3,"Desktop, Mobile, Unknown",stock
3943.18.6,future,east,man,method,Adults 25-54,wrong,ClubberTV - Preroll Tag 1,"Desktop, Mobile, Unknown",stock
3943.18.6,future,east,man,method,Adults 25-54,wrong,Sky Direct,"Desktop, Mobile, Unknown",stock
3943.18.6,future,east,man,method,Adults 25-54,wrong,CORE - Sky Video Player - SPORTS,"Desktop, Mobile",stock
3943.18.6,future,east,man,method,Adults 25-54,wrong,CORE - Sky Video Player - NEWS,"Desktop, Mobile",stock
3943.18.6,future,east,man,method,Adults 25-54,wrong,Soundcloud Video - CORE,"Desktop, Mobile, App",stock
3943.18.6,future,east,man,method,Adults 25-54,wrong,Dailymail.co.uk,"Desktop, Mobile",stock
3943.18.6,future,east,man,method,Adults 25-54,wrong,extra.ie,"Desktop, Mobile",stock
3943.18.6,future,east,man,method,Adults 25-54,wrong,evoke.ie,"Desktop, Mobile",stock
3943.18.6,future,east,man,method,Adults 25-54,wrong,Rakuten - Influent Media -  Tag 1,"Desktop, Mobile, App",stock
3943.18.6,future,east,man,method,Adults 25-54,wrong,Core - Samsung TV - Tag 1,"Desktop, Mobile, Unknown",stock
4121.3.21,way,answer,man,end,Adults 25-54,hard,Sky Direct,"Desktop, Mobile, Unknown",successful
4084.63.6,rise,present,man,which,Adults 25-54,trip,Sky Direct,"Desktop, Mobile, Unknown",indicate
4092.12.21,federal,kid,man,however,ABC1 Adults,family,Sky Direct,"Desktop, Mobile, Unknown",pattern
3481.52.9,trial,early,man,happy,Women 35+       Â Â Â Â Â Â Â  ,focus,Core - RTE - Tag 2,"Desktop, Mobile, Unknown",cover
3481.52.9,trial,early,man,happy,Women 35+       Â Â Â Â Â Â Â  ,focus,MHIE_independent.ie,"Desktop, Mobile, App",cover
3481.52.9,trial,early,man,happy,Women 35+       Â Â Â Â Â Â Â  ,focus,Dailymail.co.uk,"Desktop, Mobile",cover
3481.52.9,trial,early,man,happy,Women 35+       Â Â Â Â Â Â Â  ,focus,CORE - Sky Publisher Player,"Desktop, Mobile",cover
3481.52.9,trial,early,man,happy,Women 35+       Â Â Â Â Â Â Â  ,focus,Trinity Mirror,"Desktop, Mobile, App",cover
3481.52.9,trial,early,man,happy,Women 35+       Â Â Â Â Â Â Â  ,focus,extra.ie,"Desktop, Mobile",cover
3481.52.9,trial,early,man,happy,Women 35+       Â Â Â Â Â Â Â  ,focus,evoke.ie,"Desktop, Mobile",cover
3481.52.9,trial,early,man,happy,Women 35+       Â Â Â Â Â Â Â  ,focus,thejournal.ie,"Desktop, Mobile, App",cover
3481.52.9,trial,early,man,happy,Women 35+       Â Â Â Â Â Â Â  ,focus,Core - RTE - Tag 8 - SF,"Desktop, Mobile, Unknown",cover
3481.52.9,trial,early,man,happy,Women 35+       Â Â Â Â Â Â Â  ,focus,Soundcloud Video - CORE,"Desktop, Mobile, App",cover
3481.52.9,trial,early,man,happy,Women 35+       Â Â Â Â Â Â Â  ,focus,Discovery+ Midroll - Tag 2,"Desktop, Mobile, Unknown",cover
3481.52.9,trial,early,man,happy,Women 35+       Â Â Â Â Â Â Â  ,focus,Rakuten - Influent Media -  Tag 2,"Desktop, Mobile, App",cover
3481.52.9,trial,early,man,happy,Women 35+       Â Â Â Â Â Â Â  ,focus,CORE - Sky Video Player - SPORTS,"Desktop, Mobile",cover
3481.52.9,trial,early,man,happy,Women 35+       Â Â Â Â Â Â Â  ,focus,CORE - Sky Video Player - NEWS,"Desktop, Mobile",cover
3481.52.9,trial,early,man,happy,Women 35+       Â Â Â Â Â Â Â  ,focus,Core - All4 - Tag 2,"Desktop, Mobile, Unknown",cover
3481.52.9,trial,early,man,happy,Women 35+       Â Â Â Â Â Â Â  ,focus,ClubberTV - Midroll Tag 4,"Desktop, Mobile, Unknown",cover
3481.52.9,trial,early,man,happy,Women 35+       Â Â Â Â Â Â Â  ,focus,Core - VMS - Tag 3,"Desktop, Mobile, Unknown",cover
3943.19.6,future,east,man,method,Adults 25-54,happy,Rakuten - Influent Media -  Tag 1,"Desktop, Mobile, App",more
3943.19.6,future,east,man,method,Adults 25-54,happy,Soundcloud Video - CORE,"Desktop, Mobile, App",group
3943.19.6,future,east,man,method,Adults 25-54,happy,Core - VMS - Tag 1,"Desktop, Mobile, Unknown",more
3943.19.6,future,east,man,method,Adults 25-54,happy,Core - VMS - Tag 1,"Desktop, Mobile, Unknown",group
3943.19.6,future,east,man,method,Adults 25-54,happy,Discovery+ Midroll - Tag 2,"Desktop, Mobile, Unknown",group
3943.19.6,future,east,man,method,Adults 25-54,happy,Discovery+ Preroll - Tag 1,"Desktop, Mobile, Unknown",group
3943.19.6,future,east,man,method,Adults 25-54,happy,Soundcloud Video - CORE,"Desktop, Mobile, App",more
3943.19.6,future,east,man,method,Adults 25-54,happy,Discovery+ Preroll - Tag 1,"Desktop, Mobile, Unknown",more
3943.19.6,future,east,man,method,Adults 25-54,happy,Discovery+ Midroll - Tag 2,"Desktop, Mobile, Unknown",more
3943.19.6,future,east,man,method,Adults 25-54,happy,Sky Direct,"Desktop, Mobile, Unknown",group
3943.19.6,future,east,man,method,Adults 25-54,happy,CORE - Sky Video Player - NEWS,"Desktop, Mobile",group
3943.19.6,future,east,man,method,Adults 25-54,happy,CORE - Sky Video Player - SPORTS,"Desktop, Mobile",group
3943.19.6,future,east,man,method,Adults 25-54,happy,Core - All4 - Tag 3,"Desktop, Mobile, Unknown",group
3943.19.6,future,east,man,method,Adults 25-54,happy,CORE - Sky Video Player - SPORTS,"Desktop, Mobile",more
3943.19.6,future,east,man,method,Adults 25-54,happy,CORE - Sky Video Player - NEWS,"Desktop, Mobile",more
3943.19.6,future,east,man,method,Adults 25-54,happy,Trinity Mirror,"Desktop, Mobile, App",group
3943.19.6,future,east,man,method,Adults 25-54,happy,Trinity Mirror,"Desktop, Mobile, App",more
3943.19.6,future,east,man,method,Adults 25-54,happy,CORE - Sky Publisher Player,"Desktop, Mobile",more
3943.19.6,future,east,man,method,Adults 25-54,happy,CORE - Sky Publisher Player,"Desktop, Mobile",group
3943.19.6,future,east,man,method,Adults 25-54,happy,Dailymail.co.uk,"Desktop, Mobile",more
3943.19.6,future,east,man,method,Adults 25-54,happy,Dailymail.co.uk,"Desktop, Mobile",group
3943.19.6,future,east,man,method,Adults 25-54,happy,Core - RTE - Tag 1,"Desktop, Mobile, Unknown",group
3943.19.6,future,east,man,method,Adults 25-54,happy,Core - RTE - Tag 1,"Desktop, Mobile, Unknown",more
3943.19.6,future,east,man,method,Adults 25-54,happy,thejournal.ie,"Desktop, Mobile, App",more
3943.19.6,future,east,man,method,Adults 25-54,happy,thejournal.ie,"Desktop, Mobile, App",group
3943.19.6,future,east,man,method,Adults 25-54,happy,extra.ie,"Desktop, Mobile",group
3943.19.6,future,east,man,method,Adults 25-54,happy,extra.ie,"Desktop, Mobile",more
3943.19.6,future,east,man,method,Adults 25-54,happy,evoke.ie,"Desktop, Mobile",group
3943.19.6,future,east,man,method,Adults 25-54,happy,Core - RTE - Tag 8 - SF,"Desktop, Mobile, Unknown",group
3943.19.6,future,east,man,method,Adults 25-54,happy,Core - RTE - Tag 8 - SF,"Desktop, Mobile, Unknown",more
3943.19.6,future,east,man,method,Adults 25-54,happy,evoke.ie,"Desktop, Mobile",more
3943.19.6,future,east,man,method,Adults 25-54,happy,Core - Samsung TV - Tag 1,"Desktop, Mobile, Unknown",more
3943.19.6,future,east,man,method,Adults 25-54,happy,Core - All4 - Tag 3,"Desktop, Mobile, Unknown",more
3943.19.6,future,east,man,method,Adults 25-54,happy,Core - Samsung TV - Tag 1,"Desktop, Mobile, Unknown",group
3943.19.6,future,east,man,method,Adults 25-54,happy,Rakuten - Influent Media -  Tag 1,"Desktop, Mobile, App",group
3943.19.6,future,east,man,method,Adults 25-54,happy,ClubberTV - Preroll Tag 1,"Desktop, Mobile, Unknown",group
3943.19.6,future,east,man,method,Adults 25-54,happy,ClubberTV - Preroll Tag 1,"Desktop, Mobile, Unknown",more
3943.19.6,future,east,man,method,Adults 25-54,happy,MHIE_independent.ie,"Desktop, Mobile, App",more
3943.19.6,future,east,man,method,Adults 25-54,happy,MHIE_independent.ie,"Desktop, Mobile, App",group
4022.43.5,far,themselves,man,as,Women 25-44,choice,CORE - Sky Publisher Player,"Desktop, Mobile",receive
4022.43.5,far,themselves,man,as,Women 25-44,choice,Discovery+ Midroll - Tag 2,"Desktop, Mobile, Unknown",receive
4022.43.5,far,themselves,man,as,Women 25-44,choice,Sky Direct,"Desktop, Mobile, Unknown",receive
4022.43.5,far,themselves,man,as,Women 25-44,choice,Core - VMS - Tag 3,"Desktop, Mobile, Unknown",receive
4022.43.5,far,themselves,man,as,Women 25-44,choice,Core - Samsung TV - Tag 2,"Desktop, Mobile, Unknown",receive
4022.43.5,far,themselves,man,as,Women 25-44,choice,Soundcloud Video - CORE,"Desktop, Mobile, App",receive
4022.43.5,far,themselves,man,as,Women 25-44,choice,thejournal.ie,"Desktop, Mobile, App",receive
4022.43.5,far,themselves,man,as,Women 25-44,choice,Core - RTE - Tag 2,"Desktop, Mobile, Unknown",receive
4022.43.5,far,themselves,man,as,Women 25-44,choice,Dailymail.co.uk,"Desktop, Mobile",receive
4022.43.5,far,themselves,man,as,Women 25-44,choice,MHIE_independent.ie,"Desktop, Mobile, App",receive
4022.43.5,far,themselves,man,as,Women 25-44,choice,extra.ie,"Desktop, Mobile",receive
4022.43.5,far,themselves,man,as,Women 25-44,choice,evoke.ie,"Desktop, Mobile",receive
4022.43.5,far,themselves,man,as,Women 25-44,choice,CORE - Sky Video Player - NEWS,"Desktop, Mobile",receive
4022.43.5,far,themselves,man,as,Women 25-44,choice,CORE - Sky Video Player - SPORTS,"Desktop, Mobile",receive
4022.43.5,far,themselves,man,as,Women 25-44,choice,Rakuten - Influent Media -  Tag 2,"Desktop, Mobile, App",receive
4022.43.5,far,themselves,man,as,Women 25-44,choice,Trinity Mirror,"Desktop, Mobile, App",receive
4022.43.5,far,themselves,man,as,Women 25-44,choice,Core - All4 - Tag 2,"Desktop, Mobile, Unknown",receive
4022.43.5,far,themselves,man,as,Women 25-44,choice,ClubberTV - Midroll Tag 4,"Desktop, Mobile, Unknown",receive
4040.23.6,response,good,man,off,Adults 15+,local,Core - RTE - Tag 4,"Desktop, Mobile, Unknown",a
4040.23.6,response,good,man,off,Adults 15+,local,Core - RTE - Tag 4,"Desktop, Mobile, Unknown",president
4040.23.6,response,good,man,off,Adults 15+,local,Core - RTE - Tag 8 - SF,"Desktop, Mobile, Unknown",president
4040.23.6,response,good,man,off,Adults 15+,local,Core - RTE - Tag 8 - SF,"Desktop, Mobile, Unknown",a
4040.23.6,response,good,man,off,Adults 15+,local,MHIE_independent.ie,"Desktop, Mobile, App",a
4040.23.6,response,good,man,off,Adults 15+,local,MHIE_independent.ie,"Desktop, Mobile, App",president
4040.23.6,response,good,man,off,Adults 15+,local,thejournal.ie,"Desktop, Mobile, App",a
4040.23.6,response,good,man,off,Adults 15+,local,thejournal.ie,"Desktop, Mobile, App",president
4040.23.6,response,good,man,off,Adults 15+,local,CORE - Sky Publisher Player,"Desktop, Mobile",a
4040.23.6,response,good,man,off,Adults 15+,local,Dailymail.co.uk,"Desktop, Mobile",a
4040.23.6,response,good,man,off,Adults 15+,local,CORE - Sky Publisher Player,"Desktop, Mobile",president
4040.23.6,response,good,man,off,Adults 15+,local,Dailymail.co.uk,"Desktop, Mobile",president
4040.23.6,response,good,man,off,Adults 15+,local,Trinity Mirror,"Desktop, Mobile, App",president
4040.23.6,response,good,man,off,Adults 15+,local,extra.ie,"Desktop, Mobile",a
4040.23.6,response,good,man,off,Adults 15+,local,Trinity Mirror,"Desktop, Mobile, App",a
4040.23.6,response,good,man,off,Adults 15+,local,extra.ie,"Desktop, Mobile",president
4040.23.6,response,good,man,off,Adults 15+,local,evoke.ie,"Desktop, Mobile",president
4040.23.6,response,good,man,off,Adults 15+,local,evoke.ie,"Desktop, Mobile",a
4040.23.6,response,good,man,off,Adults 15+,local,CORE - Sky Video Player - NEWS,"Desktop, Mobile",a
4040.23.6,response,good,man,off,Adults 15+,local,Rakuten - Influent Media -  Tag 4,"Desktop, Mobile, App",president
4040.23.6,response,good,man,off,Adults 15+,local,Rakuten - Influent Media -  Tag 4,"Desktop, Mobile, App",a
4040.23.6,response,good,man,off,Adults 15+,local,Discovery+ Midroll - Tag 3,"Desktop, Mobile, Unknown",president
4040.23.6,response,good,man,off,Adults 15+,local,CORE - Sky Video Player - SPORTS,"Desktop, Mobile",a
4040.23.6,response,good,man,off,Adults 15+,local,Discovery+ Midroll - Tag 3,"Desktop, Mobile, Unknown",a
4040.23.6,response,good,man,off,Adults 15+,local,Core - VMS - Tag 2,"Desktop, Mobile, Unknown",president
4040.23.6,response,good,man,off,Adults 15+,local,CORE - Sky Video Player - SPORTS,"Desktop, Mobile",president
4040.23.6,response,good,man,off,Adults 15+,local,Core - All4 - Tag 4,"Desktop, Mobile, Unknown",president
4040.23.6,response,good,man,off,Adults 15+,local,CORE - Sky Video Player - NEWS,"Desktop, Mobile",president
4040.23.6,response,good,man,off,Adults 15+,local,Core - VMS - Tag 2,"Desktop, Mobile, Unknown",a
4040.23.6,response,good,man,off,Adults 15+,local,Core - All4 - Tag 4,"Desktop, Mobile, Unknown",a
4040.23.6,response,good,man,off,Adults 15+,local,Core - Samsung TV - Tag 4,"Desktop, Mobile, Unknown",president
4040.23.6,response,good,man,off,Adults 15+,local,Sky Direct,"Desktop, Mobile, Unknown",a
4040.23.6,response,good,man,off,Adults 15+,local,Sky Direct,"Desktop, Mobile, Unknown",spring
4040.23.6,response,good,man,off,Adults 15+,local,Core - Samsung TV - Tag 4,"Desktop, Mobile, Unknown",a
4040.23.6,response,good,man,off,Adults 15+,local,Soundcloud Video - CORE,"Desktop, Mobile, App",president
4040.23.6,response,good,man,off,Adults 15+,local,Soundcloud Video - CORE,"Desktop, Mobile, App",a
4040.23.6,response,good,man,off,Adults 15+,local,ClubberTV - Midroll Tag 4,"Desktop, Mobile, Unknown",a
4040.23.6,response,good,man,off,Adults 15+,local,ClubberTV - Midroll Tag 4,"Desktop, Mobile, Unknown",president
4113.2.2,way,remain,man,teach,Adults 18-45,business,Core - VMS Tag 14- Reckitt LI Package,"Desktop, Mobile, Unknown",from
4113.2.2,way,remain,man,teach,Adults 18-45,business,Core - VMS Tag 16- Reckitt-BI,"Desktop, Mobile, Unknown",from
4216.5.31,garden,at,man,point,Adults 25-44,pressure,Core - Samsung TV - Tag 2,"Desktop, Mobile, Unknown",weight
4216.5.31,garden,at,man,point,Adults 25-44,pressure,Sky Direct,"Desktop, Mobile, Unknown",weight
4216.5.31,garden,at,man,point,Adults 25-44,pressure,Discovery+ Midroll - Tag 2,"Desktop, Mobile, Unknown",weight
4216.5.31,garden,at,man,point,Adults 25-44,pressure,Core - RTE - Tag 2,"Desktop, Mobile, Unknown",weight
4216.5.31,garden,at,man,point,Adults 25-44,pressure,Core - VMS - Tag 3,"Desktop, Mobile, Unknown",weight
4216.5.31,garden,at,man,point,Adults 25-44,pressure,Core - All4 - Tag 2,"Desktop, Mobile, Unknown",weight
4216.5.31,garden,at,man,point,Adults 25-44,pressure,Rakuten - Influent Media -  Tag 2,"Desktop, Mobile, App",weight
4216.5.31,garden,at,man,point,Adults 25-44,pressure,ClubberTV - Midroll Tag 4,"Desktop, Mobile, Unknown",weight
4084.50.5,rise,present,man,which,Adults 25-54,trip,Core - RTE - Tag 6 - National Lottery,"Desktop, Mobile, Unknown",indicate
4084.50.5,rise,present,man,which,Adults 25-54,trip,Core - All4 - Tag 4,"Desktop, Mobile, Unknown",indicate
4084.50.5,rise,present,man,which,Adults 25-54,trip,Core - VMS - Tag 1,"Desktop, Mobile, Unknown",indicate
4084.50.5,rise,present,man,which,Adults 25-54,trip,Discovery+ Midroll - Tag 4,"Desktop, Mobile, Unknown",indicate
4084.50.5,rise,present,man,which,Adults 25-54,trip,Soundcloud Video - CORE,"Desktop, Mobile, App",indicate
4084.50.5,rise,present,man,which,Adults 25-54,trip,ClubberTV - Midroll Tag 4,"Desktop, Mobile, Unknown",indicate
4084.50.5,rise,present,man,which,Adults 25-54,trip,MHIE_independent.ie,"Desktop, Mobile, App",indicate
4084.50.5,rise,present,man,which,Adults 25-54,trip,Dailymail.co.uk,"Desktop, Mobile",indicate
4084.50.5,rise,present,man,which,Adults 25-54,trip,Trinity Mirror,"Desktop, Mobile, App",indicate
4084.50.5,rise,present,man,which,Adults 25-54,trip,CORE - Sky Publisher Player,"Desktop, Mobile",indicate
4084.50.5,rise,present,man,which,Adults 25-54,trip,thejournal.ie,"Desktop, Mobile, App",indicate
4084.50.5,rise,present,man,which,Adults 25-54,trip,extra.ie,"Desktop, Mobile",indicate
4084.50.5,rise,present,man,which,Adults 25-54,trip,evoke.ie,"Desktop, Mobile",indicate
4084.50.5,rise,present,man,which,Adults 25-54,trip,CORE - Sky Video Player - NEWS,"Desktop, Mobile",indicate
4084.50.5,rise,present,man,which,Adults 25-54,trip,CORE - Sky Video Player - SPORTS,"Desktop, Mobile",indicate
4085.27.5,rise,too,man,which,Adults 25-54,win,Core - RTE - Tag 6 - National Lottery,"Desktop, Mobile, Unknown",service
4085.27.5,rise,too,man,which,Adults 25-54,win,Core - All4 - Tag 4,"Desktop, Mobile, Unknown",service
4085.27.5,rise,too,man,which,Adults 25-54,win,Core - VMS - Tag 1,"Desktop, Mobile, Unknown",service
4085.27.5,rise,too,man,which,Adults 25-54,win,MHIE_independent.ie,"Desktop, Mobile, App",service
4085.27.5,rise,too,man,which,Adults 25-54,win,Dailymail.co.uk,"Desktop, Mobile",service
4085.27.5,rise,too,man,which,Adults 25-54,win,Trinity Mirror,"Desktop, Mobile, App",service
4085.27.5,rise,too,man,which,Adults 25-54,win,CORE - Sky Publisher Player,"Desktop, Mobile",service
4085.27.5,rise,too,man,which,Adults 25-54,win,thejournal.ie,"Desktop, Mobile, App",service
4085.27.5,rise,too,man,which,Adults 25-54,win,extra.ie,"Desktop, Mobile",service
4085.27.5,rise,too,man,which,Adults 25-54,win,evoke.ie,"Desktop, Mobile",service
4085.27.5,rise,too,man,which,Adults 25-54,win,Soundcloud Video - CORE,"Desktop, Mobile, App",service
4085.27.5,rise,too,man,which,Adults 25-54,win,Discovery+ Midroll - Tag 4,"Desktop, Mobile, Unknown",service
4085.27.5,rise,too,man,which,Adults 25-54,win,CORE - Sky Video Player - SPORTS,"Desktop, Mobile",service
4085.27.5,rise,too,man,which,Adults 25-54,win,CORE - Sky Video Player - NEWS,"Desktop, Mobile",service
4122.96.36,under,high,man,care,Adults 15+,table,Core - RTE - Tag 43,"Desktop, Mobile, Unknown",walk
4122.96.36,under,high,man,care,Adults 15+,table,MHIE_independent.ie,"Desktop, Mobile, App",walk
4122.96.36,under,high,man,care,Adults 15+,table,Dailymail.co.uk,"Desktop, Mobile",walk
4122.96.36,under,high,man,care,Adults 15+,table,CORE - Sky Publisher Player,"Desktop, Mobile",walk
4122.96.36,under,high,man,care,Adults 15+,table,thejournal.ie,"Desktop, Mobile, App",walk
4122.96.36,under,high,man,care,Adults 15+,table,extra.ie,"Desktop, Mobile",walk
4122.96.36,under,high,man,care,Adults 15+,table,evoke.ie,"Desktop, Mobile",walk
4122.96.36,under,high,man,care,Adults 15+,table,Core - RTE - Tag 8 - SF,"Desktop, Mobile, Unknown",walk
4122.96.36,under,high,man,care,Adults 15+,table,Trinity Mirror,"Desktop, Mobile, App",walk
4122.96.36,under,high,man,care,Adults 15+,table,CORE - Sky Video Player - SPORTS,"Desktop, Mobile",walk
4122.96.36,under,high,man,care,Adults 15+,table,Rakuten - Influent Media -  Tag 2,"Desktop, Mobile, App",walk
4122.96.36,under,high,man,care,Adults 15+,table,Soundcloud Video - CORE,"Desktop, Mobile, App",walk
4122.96.36,under,high,man,care,Adults 15+,table,Core - VMS - Tag 3,"Desktop, Mobile, Unknown",walk
4122.96.36,under,high,man,care,Adults 15+,table,CORE - Sky Video Player - NEWS,"Desktop, Mobile",walk
4122.96.36,under,high,man,care,Adults 15+,table,Core - RTE - Tag 43,"Desktop, Mobile, Unknown",join
4122.96.36,under,high,man,care,Adults 15+,table,MHIE_independent.ie,"Desktop, Mobile, App",join
4122.96.36,under,high,man,care,Adults 15+,table,extra.ie,"Desktop, Mobile",join
4122.96.36,under,high,man,care,Adults 15+,table,evoke.ie,"Desktop, Mobile",join
4122.96.36,under,high,man,care,Adults 15+,table,Trinity Mirror,"Desktop, Mobile, App",join
4122.96.36,under,high,man,care,Adults 15+,table,CORE - Sky Publisher Player,"Desktop, Mobile",join
4122.96.36,under,high,man,care,Adults 15+,table,Dailymail.co.uk,"Desktop, Mobile",join
4122.96.36,under,high,man,care,Adults 15+,table,thejournal.ie,"Desktop, Mobile, App",join
4122.96.36,under,high,man,care,Adults 15+,table,Core - RTE - Tag 8 - SF,"Desktop, Mobile, Unknown",join
4122.96.36,under,high,man,care,Adults 15+,table,CORE - Sky Video Player - NEWS,"Desktop, Mobile",join
4122.96.36,under,high,man,care,Adults 15+,table,Soundcloud Video - CORE,"Desktop, Mobile, App",join
4122.96.36,under,high,man,care,Adults 15+,table,ClubberTV - Midroll Tag 4,"Desktop, Mobile, Unknown",join
4122.96.36,under,high,man,care,Adults 15+,table,CORE - Sky Video Player - SPORTS,"Desktop, Mobile",join
4122.96.36,under,high,man,care,Adults 15+,table,Rakuten - Influent Media -  Tag 2,"Desktop, Mobile, App",join
4122.96.36,under,high,man,care,Adults 15+,table,Core - VMS - Tag 3,"Desktop, Mobile, Unknown",join
4085.24.6,rise,too,man,which,Adults 25-54,win,Core - RTE - Tag 6 - National Lottery,"Desktop, Mobile, Unknown",service
4085.24.6,rise,too,man,which,Adults 25-54,win,MHIE_independent.ie,"Desktop, Mobile, App",service
4085.24.6,rise,too,man,which,Adults 25-54,win,Trinity Mirror,"Desktop, Mobile, App",service
4085.24.6,rise,too,man,which,Adults 25-54,win,Dailymail.co.uk,"Desktop, Mobile",service
4085.24.6,rise,too,man,which,Adults 25-54,win,CORE - Sky Publisher Player,"Desktop, Mobile",service
4085.24.6,rise,too,man,which,Adults 25-54,win,thejournal.ie,"Desktop, Mobile, App",service
4085.24.6,rise,too,man,which,Adults 25-54,win,extra.ie,"Desktop, Mobile",service
4085.24.6,rise,too,man,which,Adults 25-54,win,evoke.ie,"Desktop, Mobile",service
4085.24.6,rise,too,man,which,Adults 25-54,win,Core - All4 - Tag 4,"Desktop, Mobile, Unknown",service
4085.24.6,rise,too,man,which,Adults 25-54,win,CORE - Sky Video Player - NEWS,"Desktop, Mobile",service
4085.24.6,rise,too,man,which,Adults 25-54,win,Discovery+ Midroll - Tag 4,"Desktop, Mobile, Unknown",service
4085.24.6,rise,too,man,which,Adults 25-54,win,Core - VMS - Tag 1,"Desktop, Mobile, Unknown",service
4085.24.6,rise,too,man,which,Adults 25-54,win,Soundcloud Video - CORE,"Desktop, Mobile, App",service
4085.24.6,rise,too,man,which,Adults 25-54,win,Sky Direct,"Desktop, Mobile, Unknown",service
4085.24.6,rise,too,man,which,Adults 25-54,win,CORE - Sky Video Player - SPORTS,"Desktop, Mobile",service
4085.24.6,rise,too,man,which,Adults 25-54,win,ClubberTV - Midroll Tag 4,"Desktop, Mobile, Unknown",service
4146.15.3,school,movie,man,American,Adults 25-44,how,Core - RTE - Tag 1,"Desktop, Mobile, Unknown",raise
4146.15.3,school,movie,man,American,Adults 25-44,how,Dailymail.co.uk,"Desktop, Mobile",raise
4146.15.3,school,movie,man,American,Adults 25-44,how,MHIE_independent.ie,"Desktop, Mobile, App",raise
4146.15.3,school,movie,man,American,Adults 25-44,how,CORE - Sky Publisher Player,"Desktop, Mobile",raise
4146.15.3,school,movie,man,American,Adults 25-44,how,Trinity Mirror,"Desktop, Mobile, App",raise
4146.15.3,school,movie,man,American,Adults 25-44,how,thejournal.ie,"Desktop, Mobile, App",raise
4146.15.3,school,movie,man,American,Adults 25-44,how,Sky Direct,"Desktop, Mobile, Unknown",raise
4146.15.3,school,movie,man,American,Adults 25-44,how,CORE - Sky Video Player - SPORTS,"Desktop, Mobile",raise
4146.15.3,school,movie,man,American,Adults 25-44,how,Core - VMS - Tag 1,"Desktop, Mobile, Unknown",raise
4146.15.3,school,movie,man,American,Adults 25-44,how,LG Instream - Tag 1,"Desktop, Mobile, Unknown",raise
4146.15.3,school,movie,man,American,Adults 25-44,how,Core - All4 - Tag 3,"Desktop, Mobile, Unknown",raise
4146.15.3,school,movie,man,American,Adults 25-44,how,Soundcloud Video - CORE,"Desktop, Mobile, App",raise
4146.15.3,school,movie,man,American,Adults 25-44,how,Discovery+ Preroll - Tag 1,"Desktop, Mobile, Unknown",raise
4146.15.3,school,movie,man,American,Adults 25-44,how,CORE - Sky Video Player - NEWS,"Desktop, Mobile",raise
4146.15.3,school,movie,man,American,Adults 25-44,how,Core - Samsung TV - Tag 1,"Desktop, Mobile, Unknown",raise
4146.15.3,school,movie,man,American,Adults 25-44,how,extra.ie,"Desktop, Mobile",raise
4146.15.3,school,movie,man,American,Adults 25-44,how,evoke.ie,"Desktop, Mobile",raise
4146.15.3,school,movie,man,American,Adults 25-44,how,Discovery+ Midroll - Tag 2,"Desktop, Mobile, Unknown",raise
4146.15.3,school,movie,man,American,Adults 25-44,how,Rakuten - Influent Media -  Tag 1,"Desktop, Mobile, App",raise
4146.15.3,school,movie,man,American,Adults 25-44,how,ClubberTV - Preroll Tag 1,"Desktop, Mobile, Unknown",raise
3954.10.10,point,various,man,take,Adults 15+,day,Core - RTE - Tag 4,"Desktop, Mobile, Unknown",crime
3954.10.10,point,various,man,take,Adults 15+,day,Core - RTE - Tag 4,"Desktop, Mobile, Unknown",treat
3954.10.10,point,various,man,take,Adults 15+,day,Rakuten - Influent Media -  Tag 4,"Desktop, Mobile, App",crime
3954.10.10,point,various,man,take,Adults 15+,day,Core - VMS - Tag 2,"Desktop, Mobile, Unknown",crime
3954.10.10,point,various,man,take,Adults 15+,day,Core - VMS - Tag 2,"Desktop, Mobile, Unknown",treat
3954.10.10,point,various,man,take,Adults 15+,day,Core - All4 - Tag 4,"Desktop, Mobile, Unknown",treat
3954.10.10,point,various,man,take,Adults 15+,day,Core - All4 - Tag 4,"Desktop, Mobile, Unknown",crime
3954.10.10,point,various,man,take,Adults 15+,day,Rakuten - Influent Media -  Tag 4,"Desktop, Mobile, App",treat
3954.10.10,point,various,man,take,Adults 15+,day,Discovery+ Midroll - Tag 3,"Desktop, Mobile, Unknown",crime
3954.10.10,point,various,man,take,Adults 15+,day,Discovery+ Midroll - Tag 3,"Desktop, Mobile, Unknown",treat
3954.10.10,point,various,man,take,Adults 15+,day,ClubberTV - Midroll Tag 4,"Desktop, Mobile, Unknown",crime
3954.10.10,point,various,man,take,Adults 15+,day,ClubberTV - Midroll Tag 4,"Desktop, Mobile, Unknown",treat
3954.10.10,point,various,man,take,Adults 15+,day,Core - Samsung TV - Tag 4,"Desktop, Mobile, Unknown",treat
3954.10.10,point,various,man,take,Adults 15+,day,Core - Samsung TV - Tag 4,"Desktop, Mobile, Unknown",crime
4084.53.6,rise,present,man,which,Adults 25-54,trip,Core - RTE - Tag 6 - National Lottery,"Desktop, Mobile, Unknown",indicate
4084.53.6,rise,present,man,which,Adults 25-54,trip,MHIE_independent.ie,"Desktop, Mobile, App",indicate
4084.53.6,rise,present,man,which,Adults 25-54,trip,Soundcloud Video - CORE,"Desktop, Mobile, App",indicate
4084.53.6,rise,present,man,which,Adults 25-54,trip,Core - VMS - Tag 1,"Desktop, Mobile, Unknown",indicate
4084.53.6,rise,present,man,which,Adults 25-54,trip,Sky Direct,"Desktop, Mobile, Unknown",indicate
4084.53.6,rise,present,man,which,Adults 25-54,trip,Trinity Mirror,"Desktop, Mobile, App",indicate
4084.53.6,rise,present,man,which,Adults 25-54,trip,Dailymail.co.uk,"Desktop, Mobile",indicate
4084.53.6,rise,present,man,which,Adults 25-54,trip,CORE - Sky Publisher Player,"Desktop, Mobile",indicate
4084.53.6,rise,present,man,which,Adults 25-54,trip,extra.ie,"Desktop, Mobile",indicate
4084.53.6,rise,present,man,which,Adults 25-54,trip,thejournal.ie,"Desktop, Mobile, App",indicate
4084.53.6,rise,present,man,which,Adults 25-54,trip,evoke.ie,"Desktop, Mobile",indicate
4084.53.6,rise,present,man,which,Adults 25-54,trip,Discovery+ Midroll - Tag 4,"Desktop, Mobile, Unknown",indicate
4084.53.6,rise,present,man,which,Adults 25-54,trip,CORE - Sky Video Player - NEWS,"Desktop, Mobile",indicate
4084.53.6,rise,present,man,which,Adults 25-54,trip,CORE - Sky Video Player - SPORTS,"Desktop, Mobile",indicate
4084.53.6,rise,present,man,which,Adults 25-54,trip,Core - All4 - Tag 4,"Desktop, Mobile, Unknown",indicate
4300.10.12,under,class,man,hold,Adults 15+,drive,Core - RTE - Tag 43,"Desktop, Mobile, Unknown",others
4300.10.12,under,class,man,hold,Adults 15+,drive,Dailymail.co.uk,"Desktop, Mobile",others
4300.10.12,under,class,man,hold,Adults 15+,drive,MHIE_independent.ie,"Desktop, Mobile, App",others
4300.10.12,under,class,man,hold,Adults 15+,drive,thejournal.ie,"Desktop, Mobile, App",others
4300.10.12,under,class,man,hold,Adults 15+,drive,Core - RTE - Tag 8 - SF,"Desktop, Mobile, Unknown",others
4300.10.12,under,class,man,hold,Adults 15+,drive,CORE - Sky Publisher Player,"Desktop, Mobile",others
4300.10.12,under,class,man,hold,Adults 15+,drive,Core - VMS - Tag 3,"Desktop, Mobile, Unknown",others
4300.10.12,under,class,man,hold,Adults 15+,drive,CORE - Sky Video Player - NEWS,"Desktop, Mobile",others
4300.10.12,under,class,man,hold,Adults 15+,drive,CORE - Sky Video Player - SPORTS,"Desktop, Mobile",others
4300.10.12,under,class,man,hold,Adults 15+,drive,Discovery+ Midroll - Tag 2,"Desktop, Mobile, Unknown",others
4300.10.12,under,class,man,hold,Adults 15+,drive,Core - RTE - Tag 43,"Desktop, Mobile, Unknown",magazine
4300.10.12,under,class,man,hold,Adults 15+,drive,MHIE_independent.ie,"Desktop, Mobile, App",magazine
4300.10.12,under,class,man,hold,Adults 15+,drive,Core - RTE - Tag 8 - SF,"Desktop, Mobile, Unknown",magazine
4300.10.12,under,class,man,hold,Adults 15+,drive,thejournal.ie,"Desktop, Mobile, App",magazine
4300.10.12,under,class,man,hold,Adults 15+,drive,Core - RTE - Tag 43,"Desktop, Mobile, Unknown",future
4300.10.12,under,class,man,hold,Adults 15+,drive,Dailymail.co.uk,"Desktop, Mobile",future
4300.10.12,under,class,man,hold,Adults 15+,drive,MHIE_independent.ie,"Desktop, Mobile, App",future
4300.10.12,under,class,man,hold,Adults 15+,drive,Trinity Mirror,"Desktop, Mobile, App",future
4300.10.12,under,class,man,hold,Adults 15+,drive,thejournal.ie,"Desktop, Mobile, App",future
4300.10.12,under,class,man,hold,Adults 15+,drive,CORE - Sky Publisher Player,"Desktop, Mobile",future
4300.10.12,under,class,man,hold,Adults 15+,drive,Core - RTE - Tag 8 - SF,"Desktop, Mobile, Unknown",future
4300.10.12,under,class,man,hold,Adults 15+,drive,Discovery+ Midroll - Tag 2,"Desktop, Mobile, Unknown",future
4300.10.12,under,class,man,hold,Adults 15+,drive,Core - VMS - Tag 3,"Desktop, Mobile, Unknown",future
4300.10.12,under,class,man,hold,Adults 15+,drive,LG Instream - Tag 2,"Desktop, Mobile, Unknown",future
4300.10.12,under,class,man,hold,Adults 15+,drive,CORE - Sky Video Player - NEWS,"Desktop, Mobile",magazine
4300.10.12,under,class,man,hold,Adults 15+,drive,CORE - Sky Video Player - SPORTS,"Desktop, Mobile",magazine
4300.10.12,under,class,man,hold,Adults 15+,drive,Dailymail.co.uk,"Desktop, Mobile",magazine
4300.10.12,under,class,man,hold,Adults 15+,drive,CORE - Sky Publisher Player,"Desktop, Mobile",magazine
4300.10.12,under,class,man,hold,Adults 15+,drive,extra.ie,"Desktop, Mobile",magazine
4300.10.12,under,class,man,hold,Adults 15+,drive,evoke.ie,"Desktop, Mobile",magazine
4300.10.12,under,class,man,hold,Adults 15+,drive,Core - VMS - Tag 3,"Desktop, Mobile, Unknown",magazine
4300.10.12,under,class,man,hold,Adults 15+,drive,Discovery+ Midroll - Tag 2,"Desktop, Mobile, Unknown",magazine
4300.10.12,under,class,man,hold,Adults 15+,drive,Trinity Mirror,"Desktop, Mobile, App",others
4300.10.12,under,class,man,hold,Adults 15+,drive,extra.ie,"Desktop, Mobile",others
4300.10.12,under,class,man,hold,Adults 15+,drive,evoke.ie,"Desktop, Mobile",others
4300.10.12,under,class,man,hold,Adults 15+,drive,Trinity Mirror,"Desktop, Mobile, App",themselves
4300.10.12,under,class,man,hold,Adults 15+,drive,Core - RTE - Tag 43,"Desktop, Mobile, Unknown",themselves
4300.10.12,under,class,man,hold,Adults 15+,drive,Core - RTE - Tag 8 - SF,"Desktop, Mobile, Unknown",themselves
4300.10.12,under,class,man,hold,Adults 15+,drive,CORE - Sky Video Player - NEWS,"Desktop, Mobile",themselves
4300.10.12,under,class,man,hold,Adults 15+,drive,CORE - Sky Video Player - SPORTS,"Desktop, Mobile",themselves
4300.10.12,under,class,man,hold,Adults 15+,drive,Discovery+ Midroll - Tag 2,"Desktop, Mobile, Unknown",themselves
4300.10.12,under,class,man,hold,Adults 15+,drive,LG Instream - Tag 2,"Desktop, Mobile, Unknown",themselves
4300.10.12,under,class,man,hold,Adults 15+,drive,ClubberTV - Midroll Tag 4,"Desktop, Mobile, Unknown",future
4300.10.12,under,class,man,hold,Adults 15+,drive,Soundcloud Video - CORE,"Desktop, Mobile, App",future
4300.10.12,under,class,man,hold,Adults 15+,drive,CORE - Sky Video Player - SPORTS,"Desktop, Mobile",future
4300.10.12,under,class,man,hold,Adults 15+,drive,CORE - Sky Video Player - NEWS,"Desktop, Mobile",future
4093.16.6,away,live,man,tend,ABC1 Adults,my,Core - RTE - Tag 1,Unknown,explain
4093.16.6,away,live,man,tend,ABC1 Adults,my,Core - All4 - Tag 3,"Desktop, Mobile, Unknown",explain
4093.16.6,away,live,man,tend,ABC1 Adults,my,Core - Samsung TV - Tag 1,Unknown,explain
4093.16.6,away,live,man,tend,ABC1 Adults,my,Core - VMS - Tag 1,Unknown,explain
4093.16.6,away,live,man,tend,ABC1 Adults,my,Discovery+ Midroll - Tag 2,Unknown,explain
4093.16.6,away,live,man,tend,ABC1 Adults,my,Discovery+ Preroll - Tag 1,Unknown,explain
4093.16.6,away,live,man,tend,ABC1 Adults,my,LG Instream - Tag 1,"Desktop, Mobile, Unknown",explain
4093.16.6,away,live,man,tend,ABC1 Adults,my,ClubberTV - Preroll Tag 1,Unknown,explain
4281.5.3,your,story,man,toward,Adults 15+,activity,MHIE_independent.ie,"Desktop, Mobile, App",win
4281.5.3,your,story,man,toward,Adults 15+,activity,Trinity Mirror,"Desktop, Mobile, App",nation
4281.5.3,your,story,man,toward,Adults 15+,activity,MHIE_independent.ie,"Desktop, Mobile, App",nation
4281.5.3,your,story,man,toward,Adults 15+,activity,Trinity Mirror,"Desktop, Mobile, App",win
4281.5.3,your,story,man,toward,Adults 15+,activity,Core - RTE - Tag 42,"Desktop, Mobile, Unknown",win
4281.5.3,your,story,man,toward,Adults 15+,activity,Core - RTE - Tag 42,"Desktop, Mobile, Unknown",nation
4281.5.3,your,story,man,toward,Adults 15+,activity,Dailymail.co.uk,"Desktop, Mobile",nation
4281.5.3,your,story,man,toward,Adults 15+,activity,Dailymail.co.uk,"Desktop, Mobile",win
4281.5.3,your,story,man,toward,Adults 15+,activity,thejournal.ie,"Desktop, Mobile, App",nation
4281.5.3,your,story,man,toward,Adults 15+,activity,thejournal.ie,"Desktop, Mobile, App",win
4281.5.3,your,story,man,toward,Adults 15+,activity,Core - RTE - Tag 8 - SF,"Desktop, Mobile, Unknown",win
4281.5.3,your,story,man,toward,Adults 15+,activity,Core - RTE - Tag 8 - SF,"Desktop, Mobile, Unknown",nation
4281.5.3,your,story,man,toward,Adults 15+,activity,Soundcloud Video - CORE,"Desktop, Mobile, App",win
4281.5.3,your,story,man,toward,Adults 15+,activity,Soundcloud Video - CORE,"Desktop, Mobile, App",nation
4281.5.3,your,story,man,toward,Adults 15+,activity,Core - All4 - Tag 1,"Desktop, Mobile, Unknown",win
4281.5.3,your,story,man,toward,Adults 15+,activity,Core - Samsung TV - Tag 4,"Desktop, Mobile, Unknown",nation
4281.5.3,your,story,man,toward,Adults 15+,activity,Core - All4 - Tag 1,"Desktop, Mobile, Unknown",nation
4281.5.3,your,story,man,toward,Adults 15+,activity,Core - VMS - Tag 4,"Desktop, Mobile, Unknown",nation
4281.5.3,your,story,man,toward,Adults 15+,activity,Core - Samsung TV - Tag 4,"Desktop, Mobile, Unknown",win
4281.5.3,your,story,man,toward,Adults 15+,activity,Core - VMS - Tag 4,"Desktop, Mobile, Unknown",win
4281.5.3,your,story,man,toward,Adults 15+,activity,CORE - Sky Publisher Player,"Desktop, Mobile",win
4281.5.3,your,story,man,toward,Adults 15+,activity,CORE - Sky Publisher Player,"Desktop, Mobile",nation
4281.5.3,your,story,man,toward,Adults 15+,activity,CORE - Sky Video Player - NEWS,"Desktop, Mobile",nation
4281.5.3,your,story,man,toward,Adults 15+,activity,CORE - Sky Video Player - NEWS,"Desktop, Mobile",win
4281.5.3,your,story,man,toward,Adults 15+,activity,CORE - Sky Video Player - SPORTS,"Desktop, Mobile",win
4281.5.3,your,story,man,toward,Adults 15+,activity,CORE - Sky Video Player - SPORTS,"Desktop, Mobile",nation
4320.11.3,Democrat,new,man,cold,Adults 15+,child,Rakuten - Influent Media -  Tag 4,"Desktop, Mobile, App",south
4320.11.3,Democrat,new,man,cold,Adults 15+,child,Core - VMS - Tag 2,"Desktop, Mobile, Unknown",south
4320.11.3,Democrat,new,man,cold,Adults 15+,child,Dailymail.co.uk,"Desktop, Mobile",south
4320.11.3,Democrat,new,man,cold,Adults 15+,child,MHIE_independent.ie,"Desktop, Mobile, App",south
4320.11.3,Democrat,new,man,cold,Adults 15+,child,Trinity Mirror,"Desktop, Mobile, App",south
4320.11.3,Democrat,new,man,cold,Adults 15+,child,thejournal.ie,"Desktop, Mobile, App",south
4320.11.3,Democrat,new,man,cold,Adults 15+,child,Core - Samsung TV - Tag 4,"Desktop, Mobile, Unknown",south
4320.11.3,Democrat,new,man,cold,Adults 15+,child,Core - All4 - Tag 4,"Desktop, Mobile, Unknown",south
4320.11.3,Democrat,new,man,cold,Adults 15+,child,Discovery+ Midroll - Tag 4,"Desktop, Mobile, Unknown",south
4320.11.3,Democrat,new,man,cold,Adults 15+,child,Soundcloud Video - CORE,"Desktop, Mobile, App",south
4320.11.4,Democrat,new,man,cold,Adults 15+,child,MHIE_independent.ie,"Desktop, Mobile, App",college
4320.11.4,Democrat,new,man,cold,Adults 15+,child,Soundcloud Video - CORE,"Desktop, Mobile, App",college
4320.11.4,Democrat,new,man,cold,Adults 15+,child,Dailymail.co.uk,"Desktop, Mobile",college
4320.11.4,Democrat,new,man,cold,Adults 15+,child,thejournal.ie,"Desktop, Mobile, App",college
4320.11.4,Democrat,new,man,cold,Adults 15+,child,Core - VMS - Tag 2,"Desktop, Mobile, Unknown",college
4320.11.4,Democrat,new,man,cold,Adults 15+,child,Core - All4 - Tag 4,"Desktop, Mobile, Unknown",college
4004.25.8,treatment,management,man,past,Adults 15-44,animal,Dailymail.co.uk,"Desktop, Mobile",media
4004.25.8,treatment,management,man,past,Adults 15-44,animal,MHIE_independent.ie,"Desktop, Mobile, App",media
4004.25.8,treatment,management,man,past,Adults 15-44,animal,Trinity Mirror,"Desktop, Mobile, App",media
4004.25.8,treatment,management,man,past,Adults 15-44,animal,Core - RTE - Tag 2,"Desktop, Mobile, Unknown",media
4004.25.8,treatment,management,man,past,Adults 15-44,animal,Core - RTE - Tag 8 - SF,"Desktop, Mobile, Unknown",media
4004.25.8,treatment,management,man,past,Adults 15-44,animal,CORE - Sky Publisher Player,"Desktop, Mobile",media
4004.25.8,treatment,management,man,past,Adults 15-44,animal,thejournal.ie,"Desktop, Mobile, App",media
4004.25.8,treatment,management,man,past,Adults 15-44,animal,Discovery+ Midroll - Tag 2,"Desktop, Mobile, Unknown",media
4004.25.8,treatment,management,man,past,Adults 15-44,animal,Soundcloud Video - CORE,"Desktop, Mobile, App",media
4004.25.8,treatment,management,man,past,Adults 15-44,animal,Core - Samsung TV - Tag 2,"Desktop, Mobile, Unknown",media
4004.25.8,treatment,management,man,past,Adults 15-44,animal,ClubberTV - Midroll Tag 2,"Desktop, Mobile, Unknown",media
4004.25.8,treatment,management,man,past,Adults 15-44,animal,Core - All4 - Tag 2,"Desktop, Mobile, Unknown",media
4004.25.8,treatment,management,man,past,Adults 15-44,animal,CORE - Sky Video Player - NEWS,"Desktop, Mobile",media
4004.25.8,treatment,management,man,past,Adults 15-44,animal,CORE - Sky Video Player - SPORTS,"Desktop, Mobile",media
4004.25.8,treatment,management,man,past,Adults 15-44,animal,Core - VMS - Tag 3,"Desktop, Mobile, Unknown",media
4085.28.5,rise,too,man,which,Adults 25-54,win,Trinity Mirror,"Desktop, Mobile, App",service
4085.28.5,rise,too,man,which,Adults 25-54,win,Core - RTE - Tag 6 - National Lottery,"Desktop, Mobile, Unknown",service
4085.28.5,rise,too,man,which,Adults 25-54,win,CORE - Sky Video Player - NEWS,"Desktop, Mobile",service
4085.28.5,rise,too,man,which,Adults 25-54,win,CORE - Sky Video Player - SPORTS,"Desktop, Mobile",service
4085.28.5,rise,too,man,which,Adults 25-54,win,Core - VMS - Tag 1,"Desktop, Mobile, Unknown",service
4085.28.5,rise,too,man,which,Adults 25-54,win,Core - All4 - Tag 4,"Desktop, Mobile, Unknown",service
4085.28.5,rise,too,man,which,Adults 25-54,win,Discovery+ Midroll - Tag 4,"Desktop, Mobile, Unknown",service
4085.28.5,rise,too,man,which,Adults 25-54,win,Dailymail.co.uk,"Desktop, Mobile",service
4085.28.5,rise,too,man,which,Adults 25-54,win,MHIE_independent.ie,"Desktop, Mobile, App",service
4085.28.5,rise,too,man,which,Adults 25-54,win,CORE - Sky Publisher Player,"Desktop, Mobile",service
4085.28.5,rise,too,man,which,Adults 25-54,win,thejournal.ie,"Desktop, Mobile, App",service
4085.28.5,rise,too,man,which,Adults 25-54,win,ClubberTV - Midroll Tag 4,"Desktop, Mobile, Unknown",service
4085.28.5,rise,too,man,which,Adults 25-54,win,Soundcloud Video - CORE,"Desktop, Mobile, App",service
4084.62.9,rise,present,man,which,Adults 25-54,trip,Core - RTE - Tag 6 - National Lottery,"Desktop, Mobile, Unknown",indicate
4084.62.9,rise,present,man,which,Adults 25-54,trip,Trinity Mirror,"Desktop, Mobile, App",indicate
4084.62.9,rise,present,man,which,Adults 25-54,trip,CORE - Sky Video Player - NEWS,"Desktop, Mobile",indicate
4084.62.9,rise,present,man,which,Adults 25-54,trip,CORE - Sky Video Player - SPORTS,"Desktop, Mobile",indicate
4084.62.9,rise,present,man,which,Adults 25-54,trip,MHIE_independent.ie,"Desktop, Mobile, App",indicate
4084.62.9,rise,present,man,which,Adults 25-54,trip,Discovery+ Midroll - Tag 4,"Desktop, Mobile, Unknown",indicate
4084.62.9,rise,present,man,which,Adults 25-54,trip,ClubberTV - Midroll Tag 4,"Desktop, Mobile, Unknown",indicate
4084.62.9,rise,present,man,which,Adults 25-54,trip,Soundcloud Video - CORE,"Desktop, Mobile, App",indicate
4084.62.9,rise,present,man,which,Adults 25-54,trip,Core - VMS - Tag 1,"Desktop, Mobile, Unknown",indicate
4084.62.9,rise,present,man,which,Adults 25-54,trip,Core - All4 - Tag 4,"Desktop, Mobile, Unknown",indicate
4051.7.11,third,actually,man,its,Adults C2DE,bill,Trinity Mirror,"Desktop, Mobile, App",bed
4051.7.11,third,actually,man,its,Adults C2DE,bill,Dailymail.co.uk,"Desktop, Mobile",attorney
4051.7.11,third,actually,man,its,Adults C2DE,bill,Dailymail.co.uk,"Desktop, Mobile",bed
4051.7.11,third,actually,man,its,Adults C2DE,bill,Trinity Mirror,"Desktop, Mobile, App",central
4051.7.11,third,actually,man,its,Adults C2DE,bill,Dailymail.co.uk,"Desktop, Mobile",event
4051.7.11,third,actually,man,its,Adults C2DE,bill,Dailymail.co.uk,"Desktop, Mobile",night
4051.7.11,third,actually,man,its,Adults C2DE,bill,Dailymail.co.uk,"Desktop, Mobile",central
4051.7.11,third,actually,man,its,Adults C2DE,bill,Dailymail.co.uk,"Desktop, Mobile",although
4051.7.11,third,actually,man,its,Adults C2DE,bill,Trinity Mirror,"Desktop, Mobile, App",attorney
4051.7.11,third,actually,man,its,Adults C2DE,bill,Trinity Mirror,"Desktop, Mobile, App",night
4051.7.11,third,actually,man,its,Adults C2DE,bill,MHIE_independent.ie,"Desktop, Mobile, App",bed
4051.7.11,third,actually,man,its,Adults C2DE,bill,MHIE_independent.ie,"Desktop, Mobile, App",central
4051.7.11,third,actually,man,its,Adults C2DE,bill,MHIE_independent.ie,"Desktop, Mobile, App",night
4051.7.11,third,actually,man,its,Adults C2DE,bill,MHIE_independent.ie,"Desktop, Mobile, App",attorney
4051.7.11,third,actually,man,its,Adults C2DE,bill,thejournal.ie,"Desktop, Mobile, App",although
4051.7.11,third,actually,man,its,Adults C2DE,bill,thejournal.ie,"Desktop, Mobile, App",event
4051.7.11,third,actually,man,its,Adults C2DE,bill,thejournal.ie,"Desktop, Mobile, App",central
4051.7.11,third,actually,man,its,Adults C2DE,bill,thejournal.ie,"Desktop, Mobile, App",attorney
4051.7.11,third,actually,man,its,Adults C2DE,bill,thejournal.ie,"Desktop, Mobile, App",night
4051.7.11,third,actually,man,its,Adults C2DE,bill,CORE - Sky Publisher Player,"Desktop, Mobile",bed
4051.7.11,third,actually,man,its,Adults C2DE,bill,CORE - Sky Publisher Player,"Desktop, Mobile",although
4051.7.11,third,actually,man,its,Adults C2DE,bill,CORE - Sky Publisher Player,"Desktop, Mobile",attorney
4051.7.11,third,actually,man,its,Adults C2DE,bill,CORE - Sky Publisher Player,"Desktop, Mobile",central
4051.7.11,third,actually,man,its,Adults C2DE,bill,CORE - Sky Publisher Player,"Desktop, Mobile",event
4051.7.11,third,actually,man,its,Adults C2DE,bill,CORE - Sky Publisher Player,"Desktop, Mobile",night
4051.7.11,third,actually,man,its,Adults C2DE,bill,thejournal.ie,"Desktop, Mobile, App",bed
4051.7.11,third,actually,man,its,Adults C2DE,bill,Trinity Mirror,"Desktop, Mobile, App",event
4051.7.11,third,actually,man,its,Adults C2DE,bill,MHIE_independent.ie,"Desktop, Mobile, App",event
4051.7.11,third,actually,man,its,Adults C2DE,bill,Core - RTE - Tag 8 - SF,"Desktop, Mobile, Unknown",although
4051.7.11,third,actually,man,its,Adults C2DE,bill,Trinity Mirror,"Desktop, Mobile, App",although
4051.7.11,third,actually,man,its,Adults C2DE,bill,MHIE_independent.ie,"Desktop, Mobile, App",although
4051.7.11,third,actually,man,its,Adults C2DE,bill,Rakuten - Influent Media -  Tag 3,"Desktop, Mobile, App",attorney
4051.7.11,third,actually,man,its,Adults C2DE,bill,Soundcloud Video - CORE,"Desktop, Mobile, App",attorney
4051.7.11,third,actually,man,its,Adults C2DE,bill,Core - VMS - Tag 2,"Desktop, Mobile, Unknown",night
4051.7.11,third,actually,man,its,Adults C2DE,bill,Rakuten - Influent Media -  Tag 3,"Desktop, Mobile, App",bed
4051.7.11,third,actually,man,its,Adults C2DE,bill,Discovery+ Midroll - Tag 3,"Desktop, Mobile, Unknown",although
4051.7.11,third,actually,man,its,Adults C2DE,bill,Soundcloud Video - CORE,"Desktop, Mobile, App",central
4051.7.11,third,actually,man,its,Adults C2DE,bill,Rakuten - Influent Media -  Tag 3,"Desktop, Mobile, App",central
4051.7.11,third,actually,man,its,Adults C2DE,bill,Discovery+ Midroll - Tag 3,"Desktop, Mobile, Unknown",central
4051.7.11,third,actually,man,its,Adults C2DE,bill,Core - VMS - Tag 2,"Desktop, Mobile, Unknown",bed
4051.7.11,third,actually,man,its,Adults C2DE,bill,Discovery+ Midroll - Tag 3,"Desktop, Mobile, Unknown",event
4051.7.11,third,actually,man,its,Adults C2DE,bill,Core - Samsung TV - Tag 3,"Desktop, Mobile, Unknown",central
4051.7.11,third,actually,man,its,Adults C2DE,bill,Core - Samsung TV - Tag 3,"Desktop, Mobile, Unknown",event
4051.7.11,third,actually,man,its,Adults C2DE,bill,Soundcloud Video - CORE,"Desktop, Mobile, App",bed
4051.7.11,third,actually,man,its,Adults C2DE,bill,Core - All4 - Tag 6,"Desktop, Mobile, Unknown",although
4051.7.11,third,actually,man,its,Adults C2DE,bill,Soundcloud Video - CORE,"Desktop, Mobile, App",night
4051.7.11,third,actually,man,its,Adults C2DE,bill,Soundcloud Video - CORE,"Desktop, Mobile, App",event
4051.7.11,third,actually,man,its,Adults C2DE,bill,Core - Samsung TV - Tag 3,"Desktop, Mobile, Unknown",although
4051.7.11,third,actually,man,its,Adults C2DE,bill,Rakuten - Influent Media -  Tag 3,"Desktop, Mobile, App",event
4051.7.11,third,actually,man,its,Adults C2DE,bill,Core - VMS - Tag 1,"Desktop, Mobile, Unknown",although
4051.7.11,third,actually,man,its,Adults C2DE,bill,Core - Samsung TV - Tag 3,"Desktop, Mobile, Unknown",night
4051.7.11,third,actually,man,its,Adults C2DE,bill,Core - Samsung TV - Tag 3,"Desktop, Mobile, Unknown",bed
4051.7.11,third,actually,man,its,Adults C2DE,bill,Discovery+ Midroll - Tag 3,"Desktop, Mobile, Unknown",night
4051.7.11,third,actually,man,its,Adults C2DE,bill,ClubberTV - Midroll Tag 3,"Desktop, Mobile, Unknown",event
4051.7.11,third,actually,man,its,Adults C2DE,bill,Rakuten - Influent Media -  Tag 3,"Desktop, Mobile, App",although
4051.7.11,third,actually,man,its,Adults C2DE,bill,Core - VMS - Tag 2,"Desktop, Mobile, Unknown",attorney
4051.7.11,third,actually,man,its,Adults C2DE,bill,Core - VMS - Tag 2,"Desktop, Mobile, Unknown",central
4051.7.11,third,actually,man,its,Adults C2DE,bill,Rakuten - Influent Media -  Tag 3,"Desktop, Mobile, App",night
4051.7.11,third,actually,man,its,Adults C2DE,bill,Discovery+ Midroll - Tag 3,"Desktop, Mobile, Unknown",bed
4051.7.11,third,actually,man,its,Adults C2DE,bill,Core - Samsung TV - Tag 3,"Desktop, Mobile, Unknown",attorney
4051.7.11,third,actually,man,its,Adults C2DE,bill,Soundcloud Video - CORE,"Desktop, Mobile, App",although
4051.7.11,third,actually,man,its,Adults C2DE,bill,Core - All4 - Tag 6,"Desktop, Mobile, Unknown",event
4051.7.11,third,actually,man,its,Adults C2DE,bill,Discovery+ Midroll - Tag 3,"Desktop, Mobile, Unknown",attorney
4051.7.11,third,actually,man,its,Adults C2DE,bill,Core - RTE - Tag 39,"Desktop, Mobile, Unknown",attorney
4051.7.11,third,actually,man,its,Adults C2DE,bill,Core - RTE - Tag 39,"Desktop, Mobile, Unknown",bed
4051.7.11,third,actually,man,its,Adults C2DE,bill,Core - RTE - Tag 39,"Desktop, Mobile, Unknown",central
4051.7.11,third,actually,man,its,Adults C2DE,bill,Core - RTE - Tag 39,"Desktop, Mobile, Unknown",night
4051.7.11,third,actually,man,its,Adults C2DE,bill,Core - All4 - Tag 6,"Desktop, Mobile, Unknown",central
4051.7.11,third,actually,man,its,Adults C2DE,bill,Core - All4 - Tag 6,"Desktop, Mobile, Unknown",bed
4051.7.11,third,actually,man,its,Adults C2DE,bill,Core - All4 - Tag 6,"Desktop, Mobile, Unknown",attorney
4051.7.11,third,actually,man,its,Adults C2DE,bill,Core - All4 - Tag 6,"Desktop, Mobile, Unknown",night
4051.7.11,third,actually,man,its,Adults C2DE,bill,CORE - Sky Video Player - NEWS,"Desktop, Mobile",bed
4051.7.11,third,actually,man,its,Adults C2DE,bill,CORE - Sky Video Player - NEWS,"Desktop, Mobile",night
4051.7.11,third,actually,man,its,Adults C2DE,bill,CORE - Sky Video Player - NEWS,"Desktop, Mobile",attorney
4051.7.11,third,actually,man,its,Adults C2DE,bill,CORE - Sky Video Player - NEWS,"Desktop, Mobile",event
4051.7.11,third,actually,man,its,Adults C2DE,bill,CORE - Sky Video Player - NEWS,"Desktop, Mobile",although
4051.7.11,third,actually,man,its,Adults C2DE,bill,CORE - Sky Video Player - SPORTS,"Desktop, Mobile",attorney
4051.7.11,third,actually,man,its,Adults C2DE,bill,CORE - Sky Video Player - NEWS,"Desktop, Mobile",central
4051.7.11,third,actually,man,its,Adults C2DE,bill,CORE - Sky Video Player - SPORTS,"Desktop, Mobile",event
4051.7.11,third,actually,man,its,Adults C2DE,bill,CORE - Sky Video Player - SPORTS,"Desktop, Mobile",night
4051.7.11,third,actually,man,its,Adults C2DE,bill,CORE - Sky Video Player - SPORTS,"Desktop, Mobile",central
4051.7.11,third,actually,man,its,Adults C2DE,bill,CORE - Sky Video Player - SPORTS,"Desktop, Mobile",bed
4051.7.11,third,actually,man,its,Adults C2DE,bill,CORE - Sky Video Player - SPORTS,"Desktop, Mobile",although
4051.7.11,third,actually,man,its,Adults C2DE,bill,ClubberTV - Midroll Tag 3,"Desktop, Mobile, Unknown",night
4284.7.5,your,interest,man,over,Men 25-44,keep,Core - RTE - Tag 42,"Desktop, Mobile, Unknown",many
4284.7.5,your,interest,man,over,Men 25-44,keep,Dailymail.co.uk,"Desktop, Mobile",many
4284.7.5,your,interest,man,over,Men 25-44,keep,thejournal.ie,"Desktop, Mobile, App",many
4284.7.5,your,interest,man,over,Men 25-44,keep,Core - All4 - Tag 1,"Desktop, Mobile, Unknown",many
4284.7.5,your,interest,man,over,Men 25-44,keep,Soundcloud Video - CORE,"Desktop, Mobile, App",many
4284.7.5,your,interest,man,over,Men 25-44,keep,Discovery+ Midroll - Tag 3,"Desktop, Mobile, Unknown",many
4284.7.5,your,interest,man,over,Men 25-44,keep,Core - VMS - Tag 4,"Desktop, Mobile, Unknown",many
4284.7.5,your,interest,man,over,Men 25-44,keep,Core - Samsung TV - Tag 4,"Desktop, Mobile, Unknown",many
4284.7.5,your,interest,man,over,Men 25-44,keep,CORE - Sky Publisher Player,"Desktop, Mobile",many
4284.7.5,your,interest,man,over,Men 25-44,keep,CORE - Sky Video Player - NEWS,"Desktop, Mobile",many
4284.7.5,your,interest,man,over,Men 25-44,keep,CORE - Sky Video Player - SPORTS,"Desktop, Mobile",many
4284.7.5,your,interest,man,over,Men 25-44,keep,ClubberTV - Preroll Tag 1,"Desktop, Mobile, Unknown",many
4284.7.5,your,interest,man,over,Men 25-44,keep,MHIE_independent.ie,"Desktop, Mobile, App",many
4284.7.5,your,interest,man,over,Men 25-44,keep,Trinity Mirror,"Desktop, Mobile, App",many
4284.7.5,your,interest,man,over,Men 25-44,keep,evoke.ie,"Desktop, Mobile",many
4284.7.5,your,interest,man,over,Men 25-44,keep,Core - RTE - Tag 8 - SF,"Desktop, Mobile, Unknown",many
4284.7.5,your,interest,man,over,Men 25-44,keep,extra.ie,"Desktop, Mobile",many
4284.7.5,your,interest,man,over,Men 25-44,keep,Rakuten - Influent Media -  Tag 1,"Desktop, Mobile, App",many
4084.54.6,rise,present,man,which,Adults 25-54,trip,Sky Direct,"Desktop, Mobile, Unknown",indicate
4084.54.6,rise,present,man,which,Adults 25-54,trip,Core - RTE - Tag 6 - National Lottery,"Desktop, Mobile, Unknown",indicate
4084.54.6,rise,present,man,which,Adults 25-54,trip,Dailymail.co.uk,"Desktop, Mobile",indicate
4084.54.6,rise,present,man,which,Adults 25-54,trip,MHIE_independent.ie,"Desktop, Mobile, App",indicate
4084.54.6,rise,present,man,which,Adults 25-54,trip,Trinity Mirror,"Desktop, Mobile, App",indicate
4084.54.6,rise,present,man,which,Adults 25-54,trip,CORE - Sky Publisher Player,"Desktop, Mobile",indicate
4084.54.6,rise,present,man,which,Adults 25-54,trip,thejournal.ie,"Desktop, Mobile, App",indicate
4084.54.6,rise,present,man,which,Adults 25-54,trip,Core - VMS - Tag 1,"Desktop, Mobile, Unknown",indicate
4084.54.6,rise,present,man,which,Adults 25-54,trip,Soundcloud Video - CORE,"Desktop, Mobile, App",indicate
4084.54.6,rise,present,man,which,Adults 25-54,trip,Core - All4 - Tag 4,"Desktop, Mobile, Unknown",indicate
4084.54.6,rise,present,man,which,Adults 25-54,trip,Discovery+ Midroll - Tag 4,"Desktop, Mobile, Unknown",indicate
4084.54.6,rise,present,man,which,Adults 25-54,trip,CORE - Sky Video Player - SPORTS,"Desktop, Mobile",indicate
4084.54.6,rise,present,man,which,Adults 25-54,trip,CORE - Sky Video Player - NEWS,"Desktop, Mobile",indicate
4084.54.6,rise,present,man,which,Adults 25-54,trip,ClubberTV - Midroll Tag 4,"Desktop, Mobile, Unknown",indicate
3891.24.7,former,best,man,public,Adults 25-44,my,Sky Direct,"Desktop, Mobile, Unknown",again
3890.15.4,former,use,man,occur,Adults 25-44,down,Sky Direct,"Desktop, Mobile, Unknown",note
3750.4.5,suggest,produce,man,Mr,Adults 15+,reality,Core - Samsung TV - Tag 3,"Desktop, Mobile, Unknown",land
3750.4.5,suggest,produce,man,Mr,Adults 15+,reality,Soundcloud Video - CORE,"Desktop, Mobile, App",cause
3750.4.5,suggest,produce,man,Mr,Adults 15+,reality,MHIE_independent.ie,"Desktop, Mobile, App",land
3750.4.5,suggest,produce,man,Mr,Adults 15+,reality,Dailymail.co.uk,"Desktop, Mobile",land
3750.4.5,suggest,produce,man,Mr,Adults 15+,reality,Dailymail.co.uk,"Desktop, Mobile",cause
3750.4.5,suggest,produce,man,Mr,Adults 15+,reality,CORE - Sky Publisher Player,"Desktop, Mobile",cause
3750.4.5,suggest,produce,man,Mr,Adults 15+,reality,CORE - Sky Publisher Player,"Desktop, Mobile",land
3750.4.5,suggest,produce,man,Mr,Adults 15+,reality,extra.ie,"Desktop, Mobile",land
3750.4.5,suggest,produce,man,Mr,Adults 15+,reality,extra.ie,"Desktop, Mobile",cause
3750.4.5,suggest,produce,man,Mr,Adults 15+,reality,evoke.ie,"Desktop, Mobile",land
3750.4.5,suggest,produce,man,Mr,Adults 15+,reality,evoke.ie,"Desktop, Mobile",cause
3750.4.5,suggest,produce,man,Mr,Adults 15+,reality,thejournal.ie,"Desktop, Mobile, App",land
3750.4.5,suggest,produce,man,Mr,Adults 15+,reality,thejournal.ie,"Desktop, Mobile, App",cause
3750.4.5,suggest,produce,man,Mr,Adults 15+,reality,MHIE_independent.ie,"Desktop, Mobile, App",cause
3750.4.5,suggest,produce,man,Mr,Adults 15+,reality,Core- TG4,"Desktop, Mobile, App",cause
3750.4.5,suggest,produce,man,Mr,Adults 15+,reality,CORE - Sky Video Player - NEWS,"Desktop, Mobile",land
3750.4.5,suggest,produce,man,Mr,Adults 15+,reality,Core- TG4,"Desktop, Mobile, App",land
3750.4.5,suggest,produce,man,Mr,Adults 15+,reality,CORE - Sky Video Player - SPORTS,"Desktop, Mobile",land
3750.4.5,suggest,produce,man,Mr,Adults 15+,reality,Core - All4 - Tag 3,"Desktop, Mobile, Unknown",land
3750.4.5,suggest,produce,man,Mr,Adults 15+,reality,Core - All4 - Tag 3,"Desktop, Mobile, Unknown",cause
3750.4.5,suggest,produce,man,Mr,Adults 15+,reality,Rakuten - Influent Media -  Tag 3,"Desktop, Mobile, App",land
3750.4.5,suggest,produce,man,Mr,Adults 15+,reality,Core - VMS - Tag 1,"Desktop, Mobile, Unknown",land
3750.4.5,suggest,produce,man,Mr,Adults 15+,reality,Core - VMS - Tag 1,"Desktop, Mobile, Unknown",cause
3750.4.5,suggest,produce,man,Mr,Adults 15+,reality,CORE - Sky Video Player - NEWS,"Desktop, Mobile",cause
3750.4.5,suggest,produce,man,Mr,Adults 15+,reality,CORE - Sky Video Player - SPORTS,"Desktop, Mobile",cause
3750.4.5,suggest,produce,man,Mr,Adults 15+,reality,Rakuten - Influent Media -  Tag 3,"Desktop, Mobile, App",cause
3750.4.5,suggest,produce,man,Mr,Adults 15+,reality,Core - RTE - Tag 4,"Desktop, Mobile, Unknown",land
3750.4.5,suggest,produce,man,Mr,Adults 15+,reality,Trinity Mirror,"Desktop, Mobile, App",land
3750.4.5,suggest,produce,man,Mr,Adults 15+,reality,Core - RTE - Tag 4,"Desktop, Mobile, Unknown",cause
3750.4.5,suggest,produce,man,Mr,Adults 15+,reality,Trinity Mirror,"Desktop, Mobile, App",cause
3750.4.5,suggest,produce,man,Mr,Adults 15+,reality,Sky Direct,"Desktop, Mobile, Unknown",land
3750.4.5,suggest,produce,man,Mr,Adults 15+,reality,Sky Direct,"Desktop, Mobile, Unknown",cause
3750.4.5,suggest,produce,man,Mr,Adults 15+,reality,Core - All4 - Tag 6,"Desktop, Mobile, Unknown",land
3750.4.5,suggest,produce,man,Mr,Adults 15+,reality,Core - All4 - Tag 6,"Desktop, Mobile, Unknown",cause
3750.4.5,suggest,produce,man,Mr,Adults 15+,reality,Core - Samsung TV - Tag 3,"Desktop, Mobile, Unknown",cause
3750.4.5,suggest,produce,man,Mr,Adults 15+,reality,ClubberTV - Midroll Tag 3,"Desktop, Mobile, Unknown",cause
3750.4.5,suggest,produce,man,Mr,Adults 15+,reality,ClubberTV - Midroll Tag 3,"Desktop, Mobile, Unknown",land
3750.4.5,suggest,produce,man,Mr,Adults 15+,reality,Soundcloud Video - CORE,"Desktop, Mobile, App",land
4116.26.49,way,foreign,man,teach,Adults 25-54,institution,Core - RTE - Tag 38,"Desktop, Mobile, Unknown",and
4116.26.49,way,foreign,man,teach,Adults 25-54,institution,Discovery+ Midroll - Tag 4,"Desktop, Mobile, Unknown",and
4116.26.49,way,foreign,man,teach,Adults 25-54,institution,Core - All4 - Tag 1,"Desktop, Mobile, Unknown",and
4116.26.49,way,foreign,man,teach,Adults 25-54,institution,Sky Direct,"Desktop, Mobile, Unknown",and
4116.26.49,way,foreign,man,teach,Adults 25-54,institution,Core - Samsung TV - Tag 1,"Desktop, Mobile, Unknown",and
4116.26.49,way,foreign,man,teach,Adults 25-54,institution,Core - VMS - Tag 4,"Desktop, Mobile, Unknown",and
4116.26.49,way,foreign,man,teach,Adults 25-54,institution,Rakuten - Influent Media -  Tag 1,"Desktop, Mobile, App",and
4116.26.49,way,foreign,man,teach,Adults 25-54,institution,ClubberTV - Midroll Tag 3,"Desktop, Mobile, Unknown",and
4112.5.9,way,boy,man,teach,Housekeepers,drop,Sky Direct,"Desktop, Mobile, Unknown",look
4109.3.25,way,blood,man,teach,Adults 15+,family,Core - RTE - Tag 38,"Desktop, Mobile, Unknown",information
4109.3.25,way,blood,man,teach,Adults 15+,family,Core - All4 - Tag 1,"Desktop, Mobile, Unknown",information
4109.3.25,way,blood,man,teach,Adults 15+,family,Discovery+ Midroll - Tag 4,"Desktop, Mobile, Unknown",information
4109.3.25,way,blood,man,teach,Adults 15+,family,Sky Direct,"Desktop, Mobile, Unknown",information
4109.3.25,way,blood,man,teach,Adults 15+,family,Core - Samsung TV - Tag 1,"Desktop, Mobile, Unknown",information
4109.3.25,way,blood,man,teach,Adults 15+,family,Core - VMS - Tag 4,"Desktop, Mobile, Unknown",information
4109.3.25,way,blood,man,teach,Adults 15+,family,Rakuten - Influent Media -  Tag 1,"Desktop, Mobile, App",information
4109.3.25,way,blood,man,teach,Adults 15+,family,ClubberTV - Midroll Tag 3,"Desktop, Mobile, Unknown",information
4152.10.9,officer,line,man,order,Housekeepers with Children,human,Core - RTE - Tag 2,"Desktop, Mobile, Unknown",check
4152.10.9,officer,line,man,order,Housekeepers with Children,human,Core - All4 - Tag 2,"Desktop, Mobile, Unknown",check
4152.10.9,officer,line,man,order,Housekeepers with Children,human,Core - VMS - Tag 3,"Desktop, Mobile, Unknown",check
4152.10.9,officer,line,man,order,Housekeepers with Children,human,Discovery+ Midroll - Tag 2,"Desktop, Mobile, Unknown",check
4152.10.9,officer,line,man,order,Housekeepers with Children,human,Rakuten - Influent Media -  Tag 2,"Desktop, Mobile, App",check
4152.10.9,officer,line,man,order,Housekeepers with Children,human,Sky Direct,"Desktop, Mobile, Unknown",check
4152.10.9,officer,line,man,order,Housekeepers with Children,human,Core - Samsung TV - Tag 2,"Desktop, Mobile, Unknown",check
4152.10.9,officer,line,man,order,Housekeepers with Children,human,LG Instream - Tag 2,"Desktop, Mobile, Unknown",check
4152.10.9,officer,line,man,order,Housekeepers with Children,human,ClubberTV - Midroll Tag 4,"Desktop, Mobile, Unknown",check
4188.4.9,quickly,upon,man,rather,Adults 15+,why,Core - RTE - Tag 1,"Desktop, Mobile, Unknown",themselves
4188.4.9,quickly,upon,man,rather,Adults 15+,why,Trinity Mirror,"Desktop, Mobile, App",themselves
4188.4.9,quickly,upon,man,rather,Adults 15+,why,MHIE_independent.ie,"Desktop, Mobile, App",themselves
4188.4.9,quickly,upon,man,rather,Adults 15+,why,Dailymail.co.uk,"Desktop, Mobile",themselves
4188.4.9,quickly,upon,man,rather,Adults 15+,why,CORE - Sky Publisher Player,"Desktop, Mobile",themselves
4188.4.9,quickly,upon,man,rather,Adults 15+,why,extra.ie,"Desktop, Mobile",themselves
4188.4.9,quickly,upon,man,rather,Adults 15+,why,evoke.ie,"Desktop, Mobile",themselves
4188.4.9,quickly,upon,man,rather,Adults 15+,why,thejournal.ie,"Desktop, Mobile, App",themselves
4188.4.9,quickly,upon,man,rather,Adults 15+,why,Core - RTE - Tag 8 - SF,"Desktop, Mobile, Unknown",themselves
4188.4.9,quickly,upon,man,rather,Adults 15+,why,Discovery+ Preroll - Tag 1,"Desktop, Mobile, Unknown",themselves
4188.4.9,quickly,upon,man,rather,Adults 15+,why,Sky Direct,"Desktop, Mobile, Unknown",themselves
4188.4.9,quickly,upon,man,rather,Adults 15+,why,Core - All4 - Tag 3,"Desktop, Mobile, Unknown",themselves
4188.4.9,quickly,upon,man,rather,Adults 15+,why,Core - Samsung TV - Tag 1,"Desktop, Mobile, Unknown",themselves
4188.4.9,quickly,upon,man,rather,Adults 15+,why,CORE - Sky Video Player - SPORTS,"Desktop, Mobile",themselves
4188.4.9,quickly,upon,man,rather,Adults 15+,why,Discovery+ Midroll - Tag 2,"Desktop, Mobile, Unknown",themselves
4188.4.9,quickly,upon,man,rather,Adults 15+,why,Rakuten - Influent Media -  Tag 1,"Desktop, Mobile, App",themselves
4188.4.9,quickly,upon,man,rather,Adults 15+,why,Core - VMS - Tag 1,"Desktop, Mobile, Unknown",themselves
4188.4.9,quickly,upon,man,rather,Adults 15+,why,CORE - Sky Video Player - NEWS,"Desktop, Mobile",themselves
4188.4.9,quickly,upon,man,rather,Adults 15+,why,Soundcloud Video - CORE,"Desktop, Mobile, App",themselves
4188.4.9,quickly,upon,man,rather,Adults 15+,why,ClubberTV - Preroll Tag 1,"Desktop, Mobile, Unknown",themselves
4008.4.6,treatment,image,man,throughout,Adults 15-44,step,Sky Direct,"Desktop, Mobile, Unknown",sort
4034.5.21,garden,thank,man,point,Adults 25-44,surface,Sky Direct,"Desktop, Mobile, Unknown",father
4161.19.23,us,push,man,American,Adults 25-44,behavior,Core - RTE - Tag 4,"Desktop, Mobile, Unknown",worker
4161.19.23,us,push,man,American,Adults 25-44,behavior,Dailymail.co.uk,"Desktop, Mobile",worker
4161.19.23,us,push,man,American,Adults 25-44,behavior,MHIE_independent.ie,"Desktop, Mobile, App",worker
4161.19.23,us,push,man,American,Adults 25-44,behavior,Trinity Mirror,"Desktop, Mobile, App",worker
4161.19.23,us,push,man,American,Adults 25-44,behavior,CORE - Sky Publisher Player,"Desktop, Mobile",worker
4161.19.23,us,push,man,American,Adults 25-44,behavior,evoke.ie,"Desktop, Mobile",worker
4161.19.23,us,push,man,American,Adults 25-44,behavior,extra.ie,"Desktop, Mobile",worker
4161.19.23,us,push,man,American,Adults 25-44,behavior,thejournal.ie,"Desktop, Mobile, App",worker
4161.19.23,us,push,man,American,Adults 25-44,behavior,Core - RTE - Tag 8 - SF,"Desktop, Mobile, Unknown",worker
4161.19.23,us,push,man,American,Adults 25-44,behavior,CORE - Sky Video Player - SPORTS,"Desktop, Mobile",worker
4161.19.23,us,push,man,American,Adults 25-44,behavior,Core - All4 - Tag 4,"Desktop, Mobile, Unknown",worker
4161.19.23,us,push,man,American,Adults 25-44,behavior,Discovery+ Midroll - Tag 3,"Desktop, Mobile, Unknown",worker
4161.19.23,us,push,man,American,Adults 25-44,behavior,Sky Direct,"Desktop, Mobile, Unknown",worker
4161.19.23,us,push,man,American,Adults 25-44,behavior,CORE - Sky Video Player - NEWS,"Desktop, Mobile",worker
4161.19.23,us,push,man,American,Adults 25-44,behavior,Rakuten - Influent Media -  Tag 4,"Desktop, Mobile, App",worker
4161.19.23,us,push,man,American,Adults 25-44,behavior,Core - VMS - Tag 2,"Desktop, Mobile, Unknown",worker
4161.19.23,us,push,man,American,Adults 25-44,behavior,Core - Samsung TV - Tag 4,"Desktop, Mobile, Unknown",worker
4161.19.23,us,push,man,American,Adults 25-44,behavior,Soundcloud Video - CORE,"Desktop, Mobile, App",worker
4161.19.23,us,push,man,American,Adults 25-44,behavior,ClubberTV - Midroll Tag 4,"Desktop, Mobile, Unknown",worker
4102.12.10,water,it,man,you,Adults 15+,young,Sky Direct,"Desktop, Mobile, Unknown",type
4102.12.10,water,it,man,you,Adults 15+,young,Sky Direct,"Desktop, Mobile, Unknown",game
3689.8.12,behavior,good,man,citizen,Adults 15+,full,Core - RTE - Tag 39,"Desktop, Mobile, Unknown",law
3689.8.12,behavior,good,man,citizen,Adults 15+,full,Rakuten - Influent Media -  Tag 1,"Desktop, Mobile, App",law
3689.8.12,behavior,good,man,citizen,Adults 15+,full,Core - VMS - Tag 4,"Desktop, Mobile, Unknown",law
3689.8.12,behavior,good,man,citizen,Adults 15+,full,ClubberTV - Midroll Tag 2,"Desktop, Mobile, Unknown",law
3689.8.12,behavior,good,man,citizen,Adults 15+,full,Discovery+ Midroll - Tag 4,"Desktop, Mobile, Unknown",law
4300.6.10,under,class,man,hold,Adults 15+,drive,Sky Direct,"Desktop, Mobile, Unknown",picture
4300.6.15,under,class,man,hold,Adults 15+,drive,Core - RTE - Tag 42,"Desktop, Mobile, Unknown",history
4300.6.15,under,class,man,hold,Adults 15+,drive,Core - RTE - Tag 42,"Desktop, Mobile, Unknown",picture
4300.6.15,under,class,man,hold,Adults 15+,drive,CORE - Sky Publisher Player,"Desktop, Mobile",picture
4300.6.15,under,class,man,hold,Adults 15+,drive,MHIE_independent.ie,"Desktop, Mobile, App",history
4300.6.15,under,class,man,hold,Adults 15+,drive,CORE - Sky Publisher Player,"Desktop, Mobile",history
4300.6.15,under,class,man,hold,Adults 15+,drive,Dailymail.co.uk,"Desktop, Mobile",history
4300.6.15,under,class,man,hold,Adults 15+,drive,Dailymail.co.uk,"Desktop, Mobile",picture
4300.6.15,under,class,man,hold,Adults 15+,drive,MHIE_independent.ie,"Desktop, Mobile, App",picture
4300.6.15,under,class,man,hold,Adults 15+,drive,Trinity Mirror,"Desktop, Mobile, App",history
4300.6.15,under,class,man,hold,Adults 15+,drive,evoke.ie,"Desktop, Mobile",history
4300.6.15,under,class,man,hold,Adults 15+,drive,extra.ie,"Desktop, Mobile",picture
4300.6.15,under,class,man,hold,Adults 15+,drive,extra.ie,"Desktop, Mobile",history
4300.6.15,under,class,man,hold,Adults 15+,drive,thejournal.ie,"Desktop, Mobile, App",history
4300.6.15,under,class,man,hold,Adults 15+,drive,Trinity Mirror,"Desktop, Mobile, App",picture
4300.6.15,under,class,man,hold,Adults 15+,drive,evoke.ie,"Desktop, Mobile",picture
4300.6.15,under,class,man,hold,Adults 15+,drive,thejournal.ie,"Desktop, Mobile, App",picture
4300.6.15,under,class,man,hold,Adults 15+,drive,Discovery+ Midroll - Tag 2,"Desktop, Mobile, Unknown",history
4300.6.15,under,class,man,hold,Adults 15+,drive,Core - VMS - Tag 3,"Desktop, Mobile, Unknown",history
4300.6.15,under,class,man,hold,Adults 15+,drive,CORE - Sky Video Player - NEWS,"Desktop, Mobile",picture
4300.6.15,under,class,man,hold,Adults 15+,drive,Discovery+ Midroll - Tag 2,"Desktop, Mobile, Unknown",picture
4300.6.15,under,class,man,hold,Adults 15+,drive,CORE - Sky Video Player - SPORTS,"Desktop, Mobile",history
4300.6.15,under,class,man,hold,Adults 15+,drive,CORE - Sky Video Player - NEWS,"Desktop, Mobile",history
4300.6.15,under,class,man,hold,Adults 15+,drive,Soundcloud Video - CORE,"Desktop, Mobile, App",picture
4300.6.15,under,class,man,hold,Adults 15+,drive,Rakuten - Influent Media -  Tag 2,"Desktop, Mobile, App",picture
4300.6.15,under,class,man,hold,Adults 15+,drive,Core - VMS - Tag 3,"Desktop, Mobile, Unknown",picture
4300.6.15,under,class,man,hold,Adults 15+,drive,CORE - Sky Video Player - SPORTS,"Desktop, Mobile",picture
4300.6.15,under,class,man,hold,Adults 15+,drive,Soundcloud Video - CORE,"Desktop, Mobile, App",history
4300.6.15,under,class,man,hold,Adults 15+,drive,Rakuten - Influent Media -  Tag 2,"Desktop, Mobile, App",history
4300.6.15,under,class,man,hold,Adults 15+,drive,Core - All4 - Tag 2,"Desktop, Mobile, Unknown",picture
4300.6.15,under,class,man,hold,Adults 15+,drive,Sky Direct,"Desktop, Mobile, Unknown",picture
4300.6.15,under,class,man,hold,Adults 15+,drive,ClubberTV - Midroll Tag 4,"Desktop, Mobile, Unknown",history
4300.6.15,under,class,man,hold,Adults 15+,drive,ClubberTV - Midroll Tag 4,"Desktop, Mobile, Unknown",picture
4041.16.6,pull,threat,man,network,Adults 35+,himself,Core - RTE tag 41 - Disney Package SN,"Desktop, Mobile, Unknown",move
3888.3.20,former,condition,man,radio,Adults 15+,my,Core - RTE - Tag 39,"Desktop, Mobile, Unknown",as
3888.3.20,former,condition,man,radio,Adults 15+,my,Core - All4 - Tag 2,"Desktop, Mobile, Unknown",as
3888.3.20,former,condition,man,radio,Adults 15+,my,Rakuten - Influent Media -  Tag 2,"Desktop, Mobile, App",as
3888.3.20,former,condition,man,radio,Adults 15+,my,Core - VMS - Tag 4,"Desktop, Mobile, Unknown",as
3888.3.20,former,condition,man,radio,Adults 15+,my,Discovery+ Midroll - Tag 3,"Desktop, Mobile, Unknown",as
3888.3.20,former,condition,man,radio,Adults 15+,my,Core - Samsung TV - Tag 2,"Desktop, Mobile, Unknown",as
3888.3.20,former,condition,man,radio,Adults 15+,my,ClubberTV - Midroll Tag 3,"Desktop, Mobile, Unknown",as
3888.3.20,former,condition,man,radio,Adults 15+,my,LG Instream - Tag 2,"Desktop, Mobile, Unknown",as
4090.26.23,quickly,scientist,man,rather,Adults 15+,meeting,CORE - Sky Publisher Player,"Desktop, Mobile",a
4090.26.23,quickly,scientist,man,rather,Adults 15+,meeting,Core - RTE - Tag 1,"Desktop, Mobile, Unknown",a
4090.26.23,quickly,scientist,man,rather,Adults 15+,meeting,MHIE_independent.ie,"Desktop, Mobile, App",a
4090.26.23,quickly,scientist,man,rather,Adults 15+,meeting,Dailymail.co.uk,"Desktop, Mobile",a
4090.26.23,quickly,scientist,man,rather,Adults 15+,meeting,extra.ie,"Desktop, Mobile",a
4090.26.23,quickly,scientist,man,rather,Adults 15+,meeting,evoke.ie,"Desktop, Mobile",a
4090.26.23,quickly,scientist,man,rather,Adults 15+,meeting,thejournal.ie,"Desktop, Mobile, App",a
4090.26.23,quickly,scientist,man,rather,Adults 15+,meeting,Trinity Mirror,"Desktop, Mobile, App",a
4090.26.23,quickly,scientist,man,rather,Adults 15+,meeting,Core - Samsung TV - Tag 1,"Desktop, Mobile, Unknown",a
4090.26.23,quickly,scientist,man,rather,Adults 15+,meeting,Core - All4 - Tag 3,"Desktop, Mobile, Unknown",a
4090.26.23,quickly,scientist,man,rather,Adults 15+,meeting,CORE - Sky Video Player - NEWS,"Desktop, Mobile",a
4090.26.23,quickly,scientist,man,rather,Adults 15+,meeting,Core - VMS - Tag 1,"Desktop, Mobile, Unknown",a
4090.26.23,quickly,scientist,man,rather,Adults 15+,meeting,Discovery+ Preroll - Tag 1,"Desktop, Mobile, Unknown",a
4090.26.23,quickly,scientist,man,rather,Adults 15+,meeting,LG Instream - Tag 1,"Desktop, Mobile, Unknown",a
4090.26.23,quickly,scientist,man,rather,Adults 15+,meeting,CORE - Sky Video Player - SPORTS,"Desktop, Mobile",a
4090.26.23,quickly,scientist,man,rather,Adults 15+,meeting,Sky Direct,"Desktop, Mobile, Unknown",a
4090.26.23,quickly,scientist,man,rather,Adults 15+,meeting,Soundcloud Video - CORE,"Desktop, Mobile, App",a
4090.26.23,quickly,scientist,man,rather,Adults 15+,meeting,Rakuten - Influent Media -  Tag 1,"Desktop, Mobile, App",a
4090.26.23,quickly,scientist,man,rather,Adults 15+,meeting,Discovery+ Midroll - Tag 2,"Desktop, Mobile, Unknown",a
4090.26.23,quickly,scientist,man,rather,Adults 15+,meeting,ClubberTV - Preroll Tag 1,"Desktop, Mobile, Unknown",a
3482.67.90,trial,just,man,strong,ABC1 Adults,happy,thejournal.ie,"Desktop, Mobile, App",should
3482.67.90,trial,just,man,strong,ABC1 Adults,happy,Core - RTE - Tag 2,"Desktop, Mobile, Unknown",should
3482.67.90,trial,just,man,strong,ABC1 Adults,happy,MHIE_independent.ie,"Desktop, Mobile, App",should
3482.67.90,trial,just,man,strong,ABC1 Adults,happy,Dailymail.co.uk,"Desktop, Mobile",should
3482.67.90,trial,just,man,strong,ABC1 Adults,happy,CORE - Sky Publisher Player,"Desktop, Mobile",should
3482.67.90,trial,just,man,strong,ABC1 Adults,happy,Core - RTE - Tag 8 - SF,"Desktop, Mobile, Unknown",should
3482.67.90,trial,just,man,strong,ABC1 Adults,happy,extra.ie,"Desktop, Mobile",should
3482.67.90,trial,just,man,strong,ABC1 Adults,happy,evoke.ie,"Desktop, Mobile",should
3482.67.90,trial,just,man,strong,ABC1 Adults,happy,CORE - Sky Video Player - SPORTS,"Desktop, Mobile",should
3482.67.90,trial,just,man,strong,ABC1 Adults,happy,Core - VMS - Tag 3,"Desktop, Mobile, Unknown",should
3482.67.90,trial,just,man,strong,ABC1 Adults,happy,Soundcloud Video - CORE,"Desktop, Mobile, App",should
3482.67.90,trial,just,man,strong,ABC1 Adults,happy,Discovery+ Midroll - Tag 2,"Desktop, Mobile, Unknown",should
3482.67.90,trial,just,man,strong,ABC1 Adults,happy,CORE - Sky Video Player - NEWS,"Desktop, Mobile",should
3482.67.90,trial,just,man,strong,ABC1 Adults,happy,Rakuten - Influent Media -  Tag 2,"Desktop, Mobile, App",should
3482.67.90,trial,just,man,strong,ABC1 Adults,happy,Trinity Mirror,"Desktop, Mobile, App",should
3482.67.90,trial,just,man,strong,ABC1 Adults,happy,Core - All4 - Tag 2,"Desktop, Mobile, Unknown",should
3482.67.90,trial,just,man,strong,ABC1 Adults,happy,Sky Direct,"Desktop, Mobile, Unknown",should
3482.67.90,trial,just,man,strong,ABC1 Adults,happy,Core - Samsung TV - Tag 2,"Desktop, Mobile, Unknown",should
3482.67.90,trial,just,man,strong,ABC1 Adults,happy,LG Instream - Tag 2,"Desktop, Mobile, Unknown",should
3482.67.90,trial,just,man,strong,ABC1 Adults,happy,ClubberTV - Midroll Tag 4,"Desktop, Mobile, Unknown",should
3536.133.59,many,plan,man,tend,Adults 25-44,meeting,Dailymail.co.uk,"Desktop, Mobile",support
3536.133.59,many,plan,man,tend,Adults 25-44,meeting,Core - RTE - Tag 1,"Desktop, Mobile, Unknown",support
3536.133.59,many,plan,man,tend,Adults 25-44,meeting,Trinity Mirror,"Desktop, Mobile, App",support
3536.133.59,many,plan,man,tend,Adults 25-44,meeting,MHIE_independent.ie,"Desktop, Mobile, App",support
3536.133.59,many,plan,man,tend,Adults 25-44,meeting,thejournal.ie,"Desktop, Mobile, App",support
3536.133.59,many,plan,man,tend,Adults 25-44,meeting,CORE - Sky Publisher Player,"Desktop, Mobile",support
3536.133.59,many,plan,man,tend,Adults 25-44,meeting,Core - RTE - Tag 8 - SF,"Desktop, Mobile, Unknown",support
3536.133.59,many,plan,man,tend,Adults 25-44,meeting,Sky Direct,"Desktop, Mobile, Unknown",support
3536.133.59,many,plan,man,tend,Adults 25-44,meeting,Core - VMS - Tag 1,"Desktop, Mobile, Unknown",support
3536.133.59,many,plan,man,tend,Adults 25-44,meeting,Core - Samsung TV - Tag 1,"Desktop, Mobile, Unknown",support
3536.133.59,many,plan,man,tend,Adults 25-44,meeting,Discovery+ Midroll - Tag 2,"Desktop, Mobile, Unknown",support
3536.133.59,many,plan,man,tend,Adults 25-44,meeting,Rakuten - Influent Media -  Tag 1,"Desktop, Mobile, App",support
3536.133.59,many,plan,man,tend,Adults 25-44,meeting,Core - All4 - Tag 3,"Desktop, Mobile, Unknown",support
3536.133.59,many,plan,man,tend,Adults 25-44,meeting,Discovery+ Preroll - Tag 1,"Desktop, Mobile, Unknown",support
3536.133.59,many,plan,man,tend,Adults 25-44,meeting,Soundcloud Video - CORE,"Desktop, Mobile, App",support
3536.133.59,many,plan,man,tend,Adults 25-44,meeting,extra.ie,"Desktop, Mobile",support
3536.133.59,many,plan,man,tend,Adults 25-44,meeting,evoke.ie,"Desktop, Mobile",support
3536.133.59,many,plan,man,tend,Adults 25-44,meeting,CORE - Sky Video Player - NEWS,"Desktop, Mobile",support
3536.133.59,many,plan,man,tend,Adults 25-44,meeting,CORE - Sky Video Player - SPORTS,"Desktop, Mobile",support
3536.133.59,many,plan,man,tend,Adults 25-44,meeting,ClubberTV - Preroll Tag 1,"Desktop, Mobile, Unknown",support
4259.5.4,rise,lot,man,even,Adults 25-44,successful,Core - RTE - Tag 6 - National Lottery,"Desktop, Mobile, Unknown",behind
4259.5.4,rise,lot,man,even,Adults 25-44,successful,MHIE_independent.ie,"Desktop, Mobile, App",behind
4259.5.4,rise,lot,man,even,Adults 25-44,successful,CORE - Sky Publisher Player,"Desktop, Mobile",behind
4259.5.4,rise,lot,man,even,Adults 25-44,successful,Dailymail.co.uk,"Desktop, Mobile",behind
4259.5.4,rise,lot,man,even,Adults 25-44,successful,extra.ie,"Desktop, Mobile",behind
4259.5.4,rise,lot,man,even,Adults 25-44,successful,evoke.ie,"Desktop, Mobile",behind
4259.5.4,rise,lot,man,even,Adults 25-44,successful,thejournal.ie,"Desktop, Mobile, App",behind
4259.5.4,rise,lot,man,even,Adults 25-44,successful,Trinity Mirror,"Desktop, Mobile, App",behind
4259.5.4,rise,lot,man,even,Adults 25-44,successful,Discovery+ Midroll - Tag 4,"Desktop, Mobile, Unknown",behind
4259.5.4,rise,lot,man,even,Adults 25-44,successful,Core - VMS - Tag 1,"Desktop, Mobile, Unknown",behind
4259.5.4,rise,lot,man,even,Adults 25-44,successful,Core - All4 - Tag 4,"Desktop, Mobile, Unknown",behind
4259.5.4,rise,lot,man,even,Adults 25-44,successful,CORE - Sky Video Player - NEWS,"Desktop, Mobile",behind
4259.5.4,rise,lot,man,even,Adults 25-44,successful,CORE - Sky Video Player - SPORTS,"Desktop, Mobile",behind
4259.5.4,rise,lot,man,even,Adults 25-44,successful,Sky Direct,"Desktop, Mobile, Unknown",behind
4259.5.4,rise,lot,man,even,Adults 25-44,successful,Soundcloud Video - CORE,"Desktop, Mobile, App",behind
4259.5.4,rise,lot,man,even,Adults 25-44,successful,ClubberTV - Midroll Tag 4,"Desktop, Mobile, Unknown",behind
4161.134.9,us,push,man,American,Adults 25-44,behavior,Core - RTE - Tag 4,"Desktop, Mobile, Unknown",available
4161.134.9,us,push,man,American,Adults 25-44,behavior,Dailymail.co.uk,"Desktop, Mobile",available
4161.134.9,us,push,man,American,Adults 25-44,behavior,MHIE_independent.ie,"Desktop, Mobile, App",available
4161.134.9,us,push,man,American,Adults 25-44,behavior,CORE - Sky Publisher Player,"Desktop, Mobile",available
4161.134.9,us,push,man,American,Adults 25-44,behavior,Trinity Mirror,"Desktop, Mobile, App",available
4161.134.9,us,push,man,American,Adults 25-44,behavior,extra.ie,"Desktop, Mobile",available
4161.134.9,us,push,man,American,Adults 25-44,behavior,thejournal.ie,"Desktop, Mobile, App",available
4161.134.9,us,push,man,American,Adults 25-44,behavior,evoke.ie,"Desktop, Mobile",available
4161.134.9,us,push,man,American,Adults 25-44,behavior,Core - VMS - Tag 2,"Desktop, Mobile, Unknown",available
4161.134.9,us,push,man,American,Adults 25-44,behavior,Discovery+ Midroll - Tag 3,"Desktop, Mobile, Unknown",available
4161.134.9,us,push,man,American,Adults 25-44,behavior,Core - All4 - Tag 4,"Desktop, Mobile, Unknown",available
4161.134.9,us,push,man,American,Adults 25-44,behavior,Rakuten - Influent Media -  Tag 4,"Desktop, Mobile, App",available
4161.134.9,us,push,man,American,Adults 25-44,behavior,CORE - Sky Video Player - SPORTS,"Desktop, Mobile",available
4161.134.9,us,push,man,American,Adults 25-44,behavior,CORE - Sky Video Player - NEWS,"Desktop, Mobile",available
4161.134.9,us,push,man,American,Adults 25-44,behavior,Sky Direct,"Desktop, Mobile, Unknown",available
4161.134.9,us,push,man,American,Adults 25-44,behavior,Soundcloud Video - CORE,"Desktop, Mobile, App",available
4161.134.9,us,push,man,American,Adults 25-44,behavior,ClubberTV - Midroll Tag 4,"Desktop, Mobile, Unknown",available
4215.2.53,garden,game,man,choice,Adults 18-44,Mrs,Core - RTE - Tag 2,"Desktop, Mobile, Unknown",you
4215.2.53,garden,game,man,choice,Adults 18-44,Mrs,Core - All4 - Tag 2,"Desktop, Mobile, Unknown",you
4215.2.53,garden,game,man,choice,Adults 18-44,Mrs,Core - Samsung TV - Tag 2,"Desktop, Mobile, Unknown",you
4215.2.53,garden,game,man,choice,Adults 18-44,Mrs,Discovery+ Midroll - Tag 2,"Desktop, Mobile, Unknown",you
4215.2.53,garden,game,man,choice,Adults 18-44,Mrs,ClubberTV - Midroll Tag 4,"Desktop, Mobile, Unknown",you
4215.2.53,garden,game,man,choice,Adults 18-44,Mrs,Core - VMS - Tag 3,"Desktop, Mobile, Unknown",you
4161.139.7,us,push,man,American,Adults 25-44,behavior,Core - RTE - Tag 4,"Desktop, Mobile, Unknown",worker
4161.139.7,us,push,man,American,Adults 25-44,behavior,Rakuten - Influent Media -  Tag 4,"Desktop, Mobile, App",worker
4161.139.7,us,push,man,American,Adults 25-44,behavior,Core - All4 - Tag 4,"Desktop, Mobile, Unknown",worker
4284.6.5,your,interest,man,over,Women 25-44,keep,Core - RTE - Tag 42,"Desktop, Mobile, Unknown",occur
4284.6.5,your,interest,man,over,Women 25-44,keep,Dailymail.co.uk,"Desktop, Mobile",occur
4284.6.5,your,interest,man,over,Women 25-44,keep,Core - VMS - Tag 4,"Desktop, Mobile, Unknown",occur
4284.6.5,your,interest,man,over,Women 25-44,keep,Discovery+ Midroll - Tag 3,"Desktop, Mobile, Unknown",occur
4284.6.5,your,interest,man,over,Women 25-44,keep,Core - Samsung TV - Tag 4,"Desktop, Mobile, Unknown",occur
4284.6.5,your,interest,man,over,Women 25-44,keep,Soundcloud Video - CORE,"Desktop, Mobile, App",occur
4284.6.5,your,interest,man,over,Women 25-44,keep,CORE - Sky Publisher Player,"Desktop, Mobile",occur
4284.6.5,your,interest,man,over,Women 25-44,keep,CORE - Sky Video Player - NEWS,"Desktop, Mobile",occur
4284.6.5,your,interest,man,over,Women 25-44,keep,CORE - Sky Video Player - SPORTS,"Desktop, Mobile",occur
4284.6.5,your,interest,man,over,Women 25-44,keep,ClubberTV - Preroll Tag 1,"Desktop, Mobile, Unknown",occur
4284.6.5,your,interest,man,over,Women 25-44,keep,MHIE_independent.ie,"Desktop, Mobile, App",occur
4284.6.5,your,interest,man,over,Women 25-44,keep,Trinity Mirror,"Desktop, Mobile, App",occur
4284.6.5,your,interest,man,over,Women 25-44,keep,evoke.ie,"Desktop, Mobile",occur
4284.6.5,your,interest,man,over,Women 25-44,keep,extra.ie,"Desktop, Mobile",occur
4284.6.5,your,interest,man,over,Women 25-44,keep,thejournal.ie,"Desktop, Mobile, App",occur
4284.6.5,your,interest,man,over,Women 25-44,keep,Core - RTE - Tag 8 - SF,"Desktop, Mobile, Unknown",occur
4284.6.5,your,interest,man,over,Women 25-44,keep,Rakuten - Influent Media -  Tag 1,"Desktop, Mobile, App",occur
4284.6.5,your,interest,man,over,Women 25-44,keep,Core - All4 - Tag 1,"Desktop, Mobile, Unknown",occur
4085.33.6,rise,too,man,which,Adults 25-54,win,Core - RTE - Tag 6 - National Lottery,"Desktop, Mobile, Unknown",service
4085.33.6,rise,too,man,which,Adults 25-54,win,MHIE_independent.ie,"Desktop, Mobile, App",service
4085.33.6,rise,too,man,which,Adults 25-54,win,Trinity Mirror,"Desktop, Mobile, App",service
4085.33.6,rise,too,man,which,Adults 25-54,win,Dailymail.co.uk,"Desktop, Mobile",service
4085.33.6,rise,too,man,which,Adults 25-54,win,extra.ie,"Desktop, Mobile",service
4085.33.6,rise,too,man,which,Adults 25-54,win,evoke.ie,"Desktop, Mobile",service
4085.33.6,rise,too,man,which,Adults 25-54,win,thejournal.ie,"Desktop, Mobile, App",service
4085.33.6,rise,too,man,which,Adults 25-54,win,CORE - Sky Publisher Player,"Desktop, Mobile",service
4085.33.6,rise,too,man,which,Adults 25-54,win,CORE - Sky Video Player - NEWS,"Desktop, Mobile",service
4085.33.6,rise,too,man,which,Adults 25-54,win,Core - VMS - Tag 1,"Desktop, Mobile, Unknown",service
4085.33.6,rise,too,man,which,Adults 25-54,win,ClubberTV - Midroll Tag 4,"Desktop, Mobile, Unknown",service
4085.33.6,rise,too,man,which,Adults 25-54,win,Soundcloud Video - CORE,"Desktop, Mobile, App",service
4085.33.6,rise,too,man,which,Adults 25-54,win,Discovery+ Midroll - Tag 4,"Desktop, Mobile, Unknown",service
4085.33.6,rise,too,man,which,Adults 25-54,win,Sky Direct,"Desktop, Mobile, Unknown",service
4085.33.6,rise,too,man,which,Adults 25-54,win,CORE - Sky Video Player - SPORTS,"Desktop, Mobile",service
4085.33.6,rise,too,man,which,Adults 25-54,win,Core - All4 - Tag 4,"Desktop, Mobile, Unknown",service
4122.97.41,under,high,man,care,Adults 15+,table,Core - RTE - Tag 42,"Desktop, Mobile, Unknown",professional
4122.97.41,under,high,man,care,Adults 15+,table,MHIE_independent.ie,"Desktop, Mobile, App",professional
4122.97.41,under,high,man,care,Adults 15+,table,Trinity Mirror,"Desktop, Mobile, App",professional
4122.97.41,under,high,man,care,Adults 15+,table,Dailymail.co.uk,"Desktop, Mobile",professional
4122.97.41,under,high,man,care,Adults 15+,table,CORE - Sky Publisher Player,"Desktop, Mobile",professional
4122.97.41,under,high,man,care,Adults 15+,table,extra.ie,"Desktop, Mobile",professional
4122.97.41,under,high,man,care,Adults 15+,table,thejournal.ie,"Desktop, Mobile, App",professional
4122.97.41,under,high,man,care,Adults 15+,table,evoke.ie,"Desktop, Mobile",professional
4122.97.41,under,high,man,care,Adults 15+,table,Core - RTE - Tag 8 - SF,"Desktop, Mobile, Unknown",professional
4122.97.41,under,high,man,care,Adults 15+,table,CORE - Sky Video Player - NEWS,"Desktop, Mobile",professional
4122.97.41,under,high,man,care,Adults 15+,table,Core - Samsung TV - Tag 2,"Desktop, Mobile, Unknown",professional
4122.97.41,under,high,man,care,Adults 15+,table,Rakuten - Influent Media -  Tag 2,"Desktop, Mobile, App",professional
4122.97.41,under,high,man,care,Adults 15+,table,CORE - Sky Video Player - SPORTS,"Desktop, Mobile",professional
4122.97.41,under,high,man,care,Adults 15+,table,Core - VMS - Tag 3,"Desktop, Mobile, Unknown",professional
4122.97.41,under,high,man,care,Adults 15+,table,Soundcloud Video - CORE,"Desktop, Mobile, App",professional
4122.97.41,under,high,man,care,Adults 15+,table,Discovery+ Midroll - Tag 2,"Desktop, Mobile, Unknown",professional
4122.97.41,under,high,man,care,Adults 15+,table,Core - RTE - Tag 42,"Desktop, Mobile, Unknown",enter
4122.97.41,under,high,man,care,Adults 15+,table,Dailymail.co.uk,"Desktop, Mobile",enter
4122.97.41,under,high,man,care,Adults 15+,table,MHIE_independent.ie,"Desktop, Mobile, App",enter
4122.97.41,under,high,man,care,Adults 15+,table,Trinity Mirror,"Desktop, Mobile, App",enter
4122.97.41,under,high,man,care,Adults 15+,table,thejournal.ie,"Desktop, Mobile, App",enter
4122.97.41,under,high,man,care,Adults 15+,table,Core - RTE - Tag 8 - SF,"Desktop, Mobile, Unknown",enter
4122.97.41,under,high,man,care,Adults 15+,table,evoke.ie,"Desktop, Mobile",enter
4122.97.41,under,high,man,care,Adults 15+,table,extra.ie,"Desktop, Mobile",enter
4122.97.41,under,high,man,care,Adults 15+,table,Rakuten - Influent Media -  Tag 2,"Desktop, Mobile, App",enter
4122.97.41,under,high,man,care,Adults 15+,table,Soundcloud Video - CORE,"Desktop, Mobile, App",enter
4122.97.41,under,high,man,care,Adults 15+,table,CORE - Sky Video Player - SPORTS,"Desktop, Mobile",enter
4122.97.41,under,high,man,care,Adults 15+,table,Discovery+ Midroll - Tag 2,"Desktop, Mobile, Unknown",enter
4122.97.41,under,high,man,care,Adults 15+,table,Core - VMS - Tag 3,"Desktop, Mobile, Unknown",enter
4122.97.41,under,high,man,care,Adults 15+,table,ClubberTV - Midroll Tag 4,"Desktop, Mobile, Unknown",enter
4122.97.41,under,high,man,care,Adults 15+,table,CORE - Sky Video Player - NEWS,"Desktop, Mobile",enter
4122.97.41,under,high,man,care,Adults 15+,table,CORE - Sky Publisher Player,"Desktop, Mobile",enter
4122.97.41,under,high,man,care,Adults 15+,table,Core - Samsung TV - Tag 2,"Desktop, Mobile, Unknown",enter
4122.97.41,under,high,man,care,Adults 15+,table,ClubberTV - Midroll Tag 4,"Desktop, Mobile, Unknown",professional
4122.97.41,under,high,man,care,Adults 15+,table,LG Instream - Tag 2,"Desktop, Mobile, Unknown",professional
4242.6.25,garden,state,man,choice,Adults 25-44,knowledge,Core - RTE - Tag 2,"Desktop, Mobile, Unknown",player
4242.6.25,garden,state,man,choice,Adults 25-44,knowledge,Core - RTE - Tag 2,"Desktop, Mobile, Unknown",pay
4242.6.25,garden,state,man,choice,Adults 25-44,knowledge,Core - VMS - Tag 3,"Desktop, Mobile, Unknown",player
4242.6.25,garden,state,man,choice,Adults 25-44,knowledge,Core - All4 - Tag 2,"Desktop, Mobile, Unknown",player
4242.6.25,garden,state,man,choice,Adults 25-44,knowledge,Core - All4 - Tag 2,"Desktop, Mobile, Unknown",pay
4242.6.25,garden,state,man,choice,Adults 25-44,knowledge,Core - VMS - Tag 3,"Desktop, Mobile, Unknown",pay
4374.16.4,Democrat,information,man,condition,Adults 15+,worry,Core - RTE - Tag 4,"Desktop, Mobile, Unknown",respond
4374.16.4,Democrat,information,man,condition,Adults 15+,worry,Dailymail.co.uk,"Desktop, Mobile",respond
4374.16.4,Democrat,information,man,condition,Adults 15+,worry,MHIE_independent.ie,"Desktop, Mobile, App",respond
4374.16.4,Democrat,information,man,condition,Adults 15+,worry,thejournal.ie,"Desktop, Mobile, App",respond
4374.16.4,Democrat,information,man,condition,Adults 15+,worry,Rakuten - Influent Media -  Tag 4,"Desktop, Mobile, App",respond
4374.16.4,Democrat,information,man,condition,Adults 15+,worry,Core - All4 - Tag 4,"Desktop, Mobile, Unknown",respond
4374.16.4,Democrat,information,man,condition,Adults 15+,worry,Core - VMS - Tag 2,"Desktop, Mobile, Unknown",respond
4374.16.4,Democrat,information,man,condition,Adults 15+,worry,Dailymail.co.uk,"Desktop, Mobile",film
4374.16.4,Democrat,information,man,condition,Adults 15+,worry,MHIE_independent.ie,"Desktop, Mobile, App",film
4374.16.4,Democrat,information,man,condition,Adults 15+,worry,thejournal.ie,"Desktop, Mobile, App",film
4374.16.4,Democrat,information,man,condition,Adults 15+,worry,Core - VMS - Tag 2,"Desktop, Mobile, Unknown",film
4374.16.4,Democrat,information,man,condition,Adults 15+,worry,Rakuten - Influent Media -  Tag 4,"Desktop, Mobile, App",film
4374.16.4,Democrat,information,man,condition,Adults 15+,worry,Core - All4 - Tag 4,"Desktop, Mobile, Unknown",film
4374.16.4,Democrat,information,man,condition,Adults 15+,worry,Soundcloud Video - CORE,"Desktop, Mobile, App",film
4084.55.5,rise,present,man,which,Adults 25-54,trip,Sky Direct,"Desktop, Mobile, Unknown",indicate
4085.31.6,rise,too,man,which,Adults 25-54,win,Sky Direct,"Desktop, Mobile, Unknown",service
4187.3.3,your,including,man,nature,Women 25-44,piece,Core - RTE - Tag 42,"Desktop, Mobile, Unknown",bank
4187.3.3,your,including,man,nature,Women 25-44,piece,Dailymail.co.uk,"Desktop, Mobile",bank
4187.3.3,your,including,man,nature,Women 25-44,piece,Core - All4 - Tag 1,"Desktop, Mobile, Unknown",bank
4187.3.3,your,including,man,nature,Women 25-44,piece,Core - VMS - Tag 4,"Desktop, Mobile, Unknown",bank
4187.3.3,your,including,man,nature,Women 25-44,piece,Core - Samsung TV - Tag 4,"Desktop, Mobile, Unknown",bank
4187.3.3,your,including,man,nature,Women 25-44,piece,Discovery+ Midroll - Tag 3,"Desktop, Mobile, Unknown",bank
4187.3.3,your,including,man,nature,Women 25-44,piece,Sky Direct,"Desktop, Mobile, Unknown",bank
4187.3.3,your,including,man,nature,Women 25-44,piece,Soundcloud Video - CORE,"Desktop, Mobile, App",bank
4187.3.3,your,including,man,nature,Women 25-44,piece,extra.ie,"Desktop, Mobile",bank
4187.3.3,your,including,man,nature,Women 25-44,piece,evoke.ie,"Desktop, Mobile",bank
4187.3.3,your,including,man,nature,Women 25-44,piece,MHIE_independent.ie,"Desktop, Mobile, App",bank
4187.3.3,your,including,man,nature,Women 25-44,piece,thejournal.ie,"Desktop, Mobile, App",bank
4187.3.3,your,including,man,nature,Women 25-44,piece,CORE - Sky Publisher Player,"Desktop, Mobile",bank
4187.3.3,your,including,man,nature,Women 25-44,piece,Trinity Mirror,"Desktop, Mobile, App",bank
4187.3.3,your,including,man,nature,Women 25-44,piece,Core - RTE - Tag 8 - SF,"Desktop, Mobile, Unknown",bank
4187.3.3,your,including,man,nature,Women 25-44,piece,CORE - Sky Video Player - NEWS,"Desktop, Mobile",bank
4187.3.3,your,including,man,nature,Women 25-44,piece,Rakuten - Influent Media -  Tag 1,"Desktop, Mobile, App",bank
4187.3.3,your,including,man,nature,Women 25-44,piece,CORE - Sky Video Player - SPORTS,"Desktop, Mobile",bank
4163.3.14,Democrat,develop,man,tend,Adults 15+,cultural,MHIE_independent.ie,"Desktop, Mobile, App",road
4163.3.14,Democrat,develop,man,tend,Adults 15+,cultural,Core - RTE - Tag 38,"Desktop, Mobile, Unknown",road
4163.3.14,Democrat,develop,man,tend,Adults 15+,cultural,thejournal.ie,"Desktop, Mobile, App",road
4163.3.14,Democrat,develop,man,tend,Adults 15+,cultural,CORE - Sky Publisher Player,"Desktop, Mobile",road
4163.3.14,Democrat,develop,man,tend,Adults 15+,cultural,Core - VMS - Tag 3,"Desktop, Mobile, Unknown",road
4163.3.14,Democrat,develop,man,tend,Adults 15+,cultural,Discovery+ Midroll - Tag 4,"Desktop, Mobile, Unknown",road
4163.3.14,Democrat,develop,man,tend,Adults 15+,cultural,Sky Direct,"Desktop, Mobile, Unknown",road
4163.3.14,Democrat,develop,man,tend,Adults 15+,cultural,Dailymail.co.uk,"Desktop, Mobile",road
4163.3.14,Democrat,develop,man,tend,Adults 15+,cultural,Trinity Mirror,"Desktop, Mobile, App",road
4163.3.14,Democrat,develop,man,tend,Adults 15+,cultural,extra.ie,"Desktop, Mobile",road
4163.3.14,Democrat,develop,man,tend,Adults 15+,cultural,evoke.ie,"Desktop, Mobile",road
4163.3.14,Democrat,develop,man,tend,Adults 15+,cultural,Rakuten - Influent Media -  Tag 1,"Desktop, Mobile, App",road
4163.3.14,Democrat,develop,man,tend,Adults 15+,cultural,CORE - Sky Video Player - NEWS,"Desktop, Mobile",road
4163.3.14,Democrat,develop,man,tend,Adults 15+,cultural,CORE - Sky Video Player - SPORTS,"Desktop, Mobile",road
4163.3.14,Democrat,develop,man,tend,Adults 15+,cultural,Core - All4 - Tag 1,"Desktop, Mobile, Unknown",road
4163.3.14,Democrat,develop,man,tend,Adults 15+,cultural,Core - Samsung TV - Tag 1,"Desktop, Mobile, Unknown",road
4163.3.14,Democrat,develop,man,tend,Adults 15+,cultural,Soundcloud Video - CORE,"Desktop, Mobile, App",road
4163.3.14,Democrat,develop,man,tend,Adults 15+,cultural,LG Instream - Tag 1,"Desktop, Mobile, Unknown",road
4163.3.14,Democrat,develop,man,tend,Adults 15+,cultural,ClubberTV - Preroll Tag 1,"Desktop, Mobile, Unknown",road
4314.5.10,upon,wonder,man,enjoy,Adults 15+,girl,CORE - Sky Video Player - NEWS,"Desktop, Mobile",money
4314.5.10,upon,wonder,man,enjoy,Adults 15+,girl,CORE - Sky Video Player - SPORTS,"Desktop, Mobile",money
4314.5.10,upon,wonder,man,enjoy,Adults 15+,girl,MHIE_independent.ie,"Desktop, Mobile, App",money
4314.5.10,upon,wonder,man,enjoy,Adults 15+,girl,Core - RTE - Tag 4,"Desktop, Mobile, Unknown",money
4314.5.10,upon,wonder,man,enjoy,Adults 15+,girl,Dailymail.co.uk,"Desktop, Mobile",money
4314.5.10,upon,wonder,man,enjoy,Adults 15+,girl,CORE - Sky Publisher Player,"Desktop, Mobile",money
4314.5.10,upon,wonder,man,enjoy,Adults 15+,girl,thejournal.ie,"Desktop, Mobile, App",money
4314.5.10,upon,wonder,man,enjoy,Adults 15+,girl,Core - All4 - Tag 6,"Desktop, Mobile, Unknown",money
4314.5.10,upon,wonder,man,enjoy,Adults 15+,girl,Core - VMS - Tag 1,"Desktop, Mobile, Unknown",money
4314.5.10,upon,wonder,man,enjoy,Adults 15+,girl,Soundcloud Video - CORE,"Desktop, Mobile, App",money
4314.5.10,upon,wonder,man,enjoy,Adults 15+,girl,evoke.ie,"Desktop, Mobile",money
4314.5.10,upon,wonder,man,enjoy,Adults 15+,girl,extra.ie,"Desktop, Mobile",money
4085.34.6,rise,too,man,which,Adults 25-54,win,Sky Direct,"Desktop, Mobile, Unknown",service
4085.34.6,rise,too,man,which,Adults 25-54,win,Core - RTE - Tag 6 - National Lottery,"Desktop, Mobile, Unknown",service
4085.34.6,rise,too,man,which,Adults 25-54,win,Dailymail.co.uk,"Desktop, Mobile",service
4085.34.6,rise,too,man,which,Adults 25-54,win,MHIE_independent.ie,"Desktop, Mobile, App",service
4085.34.6,rise,too,man,which,Adults 25-54,win,Trinity Mirror,"Desktop, Mobile, App",service
4085.34.6,rise,too,man,which,Adults 25-54,win,CORE - Sky Publisher Player,"Desktop, Mobile",service
4085.34.6,rise,too,man,which,Adults 25-54,win,thejournal.ie,"Desktop, Mobile, App",service
4085.34.6,rise,too,man,which,Adults 25-54,win,CORE - Sky Video Player - NEWS,"Desktop, Mobile",service
4085.34.6,rise,too,man,which,Adults 25-54,win,Core - All4 - Tag 4,"Desktop, Mobile, Unknown",service
4085.34.6,rise,too,man,which,Adults 25-54,win,CORE - Sky Video Player - SPORTS,"Desktop, Mobile",service
4085.34.6,rise,too,man,which,Adults 25-54,win,Discovery+ Midroll - Tag 4,"Desktop, Mobile, Unknown",service
4085.34.6,rise,too,man,which,Adults 25-54,win,Core - VMS - Tag 1,"Desktop, Mobile, Unknown",service
4085.34.6,rise,too,man,which,Adults 25-54,win,Soundcloud Video - CORE,"Desktop, Mobile, App",service
4084.66.6,rise,present,man,which,Adults 25-54,trip,Sky Direct,"Desktop, Mobile, Unknown",indicate
4084.66.6,rise,present,man,which,Adults 25-54,trip,Core - RTE - Tag 6 - National Lottery,"Desktop, Mobile, Unknown",indicate
4084.66.6,rise,present,man,which,Adults 25-54,trip,Dailymail.co.uk,"Desktop, Mobile",indicate
4084.66.6,rise,present,man,which,Adults 25-54,trip,Soundcloud Video - CORE,"Desktop, Mobile, App",indicate
4084.66.6,rise,present,man,which,Adults 25-54,trip,ClubberTV - Midroll Tag 4,"Desktop, Mobile, Unknown",indicate
4084.66.6,rise,present,man,which,Adults 25-54,trip,Core - VMS - Tag 1,"Desktop, Mobile, Unknown",indicate
4084.66.6,rise,present,man,which,Adults 25-54,trip,MHIE_independent.ie,"Desktop, Mobile, App",indicate
4084.66.6,rise,present,man,which,Adults 25-54,trip,Trinity Mirror,"Desktop, Mobile, App",indicate
4084.66.6,rise,present,man,which,Adults 25-54,trip,CORE - Sky Publisher Player,"Desktop, Mobile",indicate
4084.66.6,rise,present,man,which,Adults 25-54,trip,thejournal.ie,"Desktop, Mobile, App",indicate
4084.66.6,rise,present,man,which,Adults 25-54,trip,CORE - Sky Video Player - SPORTS,"Desktop, Mobile",indicate
4084.66.6,rise,present,man,which,Adults 25-54,trip,Core - All4 - Tag 4,"Desktop, Mobile, Unknown",indicate
4084.66.6,rise,present,man,which,Adults 25-54,trip,Discovery+ Midroll - Tag 4,"Desktop, Mobile, Unknown",indicate
4084.66.6,rise,present,man,which,Adults 25-54,trip,CORE - Sky Video Player - NEWS,"Desktop, Mobile",indicate
4347.7.10,pull,federal,man,against,Adults 15-44,describe,Core - RTE - Tag 39,"Desktop, Mobile, Unknown",enough
4347.7.10,pull,federal,man,against,Adults 15-44,describe,Rakuten - Influent Media -  Tag 3,"Desktop, Mobile, App",enough
4347.7.10,pull,federal,man,against,Adults 15-44,describe,Core - VMS - Tag 2,"Desktop, Mobile, Unknown",enough
4347.7.10,pull,federal,man,against,Adults 15-44,describe,Core - All4 - Tag 6,"Desktop, Mobile, Unknown",enough
4122.99.51,under,high,man,care,Adults 15+,table,Trinity Mirror,"Desktop, Mobile, App",room
4122.99.51,under,high,man,care,Adults 15+,table,Core - RTE - Tag 42,"Desktop, Mobile, Unknown",room
4122.99.51,under,high,man,care,Adults 15+,table,Core - RTE - Tag 8 - SF,"Desktop, Mobile, Unknown",room
4122.99.51,under,high,man,care,Adults 15+,table,Dailymail.co.uk,"Desktop, Mobile",room
4122.99.51,under,high,man,care,Adults 15+,table,CORE - Sky Video Player - NEWS,"Desktop, Mobile",room
4122.99.51,under,high,man,care,Adults 15+,table,MHIE_independent.ie,"Desktop, Mobile, App",room
4122.99.51,under,high,man,care,Adults 15+,table,CORE - Sky Video Player - SPORTS,"Desktop, Mobile",room
4122.99.51,under,high,man,care,Adults 15+,table,thejournal.ie,"Desktop, Mobile, App",room
4122.99.51,under,high,man,care,Adults 15+,table,CORE - Sky Publisher Player,"Desktop, Mobile",room
4122.99.51,under,high,man,care,Adults 15+,table,Core - Samsung TV - Tag 2,"Desktop, Mobile, Unknown",room
4122.99.51,under,high,man,care,Adults 15+,table,ClubberTV - Midroll Tag 4,"Desktop, Mobile, Unknown",room
4122.99.51,under,high,man,care,Adults 15+,table,Soundcloud Video - CORE,"Desktop, Mobile, App",room
4122.99.51,under,high,man,care,Adults 15+,table,Core - VMS - Tag 3,"Desktop, Mobile, Unknown",room
4122.99.51,under,high,man,care,Adults 15+,table,Discovery+ Midroll - Tag 2,"Desktop, Mobile, Unknown",room
4122.99.51,under,high,man,care,Adults 15+,table,LG Instream - Tag 2,"Desktop, Mobile, Unknown",room
4278.9.9,your,argue,man,few,Women 15-34,entire,Core - RTE - Tag 42,"Desktop, Mobile, Unknown",decide
4278.9.9,your,argue,man,few,Women 15-34,entire,Core - RTE - Tag 42,"Desktop, Mobile, Unknown",young
4278.9.9,your,argue,man,few,Women 15-34,entire,Dailymail.co.uk,"Desktop, Mobile",decide
4278.9.9,your,argue,man,few,Women 15-34,entire,Dailymail.co.uk,"Desktop, Mobile",young
4278.9.9,your,argue,man,few,Women 15-34,entire,Trinity Mirror,"Desktop, Mobile, App",decide
4278.9.9,your,argue,man,few,Women 15-34,entire,thejournal.ie,"Desktop, Mobile, App",young
4278.9.9,your,argue,man,few,Women 15-34,entire,thejournal.ie,"Desktop, Mobile, App",decide
4278.9.9,your,argue,man,few,Women 15-34,entire,Trinity Mirror,"Desktop, Mobile, App",young
4278.9.9,your,argue,man,few,Women 15-34,entire,Core - RTE - Tag 8 - SF,"Desktop, Mobile, Unknown",decide
4278.9.9,your,argue,man,few,Women 15-34,entire,Core - RTE - Tag 8 - SF,"Desktop, Mobile, Unknown",young
4278.9.9,your,argue,man,few,Women 15-34,entire,Soundcloud Video - CORE,"Desktop, Mobile, App",decide
4278.9.9,your,argue,man,few,Women 15-34,entire,Sky Direct,"Desktop, Mobile, Unknown",decide
4278.9.9,your,argue,man,few,Women 15-34,entire,Discovery+ Midroll - Tag 3,"Desktop, Mobile, Unknown",decide
4278.9.9,your,argue,man,few,Women 15-34,entire,Core - All4 - Tag 1,"Desktop, Mobile, Unknown",decide
4278.9.9,your,argue,man,few,Women 15-34,entire,Discovery+ Midroll - Tag 3,"Desktop, Mobile, Unknown",young
4278.9.9,your,argue,man,few,Women 15-34,entire,Core - All4 - Tag 1,"Desktop, Mobile, Unknown",young
4278.9.9,your,argue,man,few,Women 15-34,entire,Soundcloud Video - CORE,"Desktop, Mobile, App",young
4278.9.9,your,argue,man,few,Women 15-34,entire,CORE - Sky Publisher Player,"Desktop, Mobile",young
4278.9.9,your,argue,man,few,Women 15-34,entire,CORE - Sky Publisher Player,"Desktop, Mobile",decide
4278.9.9,your,argue,man,few,Women 15-34,entire,CORE - Sky Video Player - NEWS,"Desktop, Mobile",decide
4278.9.9,your,argue,man,few,Women 15-34,entire,CORE - Sky Video Player - NEWS,"Desktop, Mobile",young
4278.9.9,your,argue,man,few,Women 15-34,entire,CORE - Sky Video Player - SPORTS,"Desktop, Mobile",decide
4278.9.9,your,argue,man,few,Women 15-34,entire,CORE - Sky Video Player - SPORTS,"Desktop, Mobile",young
4278.9.9,your,argue,man,few,Women 15-34,entire,MHIE_independent.ie,"Desktop, Mobile, App",decide
4278.9.9,your,argue,man,few,Women 15-34,entire,MHIE_independent.ie,"Desktop, Mobile, App",young
4278.9.9,your,argue,man,few,Women 15-34,entire,extra.ie,"Desktop, Mobile",decide
4278.9.9,your,argue,man,few,Women 15-34,entire,extra.ie,"Desktop, Mobile",young
4278.9.9,your,argue,man,few,Women 15-34,entire,evoke.ie,"Desktop, Mobile",young
4278.9.9,your,argue,man,few,Women 15-34,entire,evoke.ie,"Desktop, Mobile",decide
4278.9.9,your,argue,man,few,Women 15-34,entire,Core - VMS - Tag 4,"Desktop, Mobile, Unknown",decide
4278.9.9,your,argue,man,few,Women 15-34,entire,Core - VMS - Tag 4,"Desktop, Mobile, Unknown",young
4266.3.27,treatment,star,man,throughout,Adults 15-44,her,Dailymail.co.uk,"Desktop, Mobile",help
4266.3.27,treatment,star,man,throughout,Adults 15-44,her,Core - RTE - Tag 2,"Desktop, Mobile, Unknown",fish
4266.3.27,treatment,star,man,throughout,Adults 15-44,her,Dailymail.co.uk,"Desktop, Mobile",fish
4266.3.27,treatment,star,man,throughout,Adults 15-44,her,MHIE_independent.ie,"Desktop, Mobile, App",fish
4266.3.27,treatment,star,man,throughout,Adults 15-44,her,Core - RTE - Tag 8 - SF,"Desktop, Mobile, Unknown",fish
4266.3.27,treatment,star,man,throughout,Adults 15-44,her,MHIE_independent.ie,"Desktop, Mobile, App",help
4266.3.27,treatment,star,man,throughout,Adults 15-44,her,CORE - Sky Publisher Player,"Desktop, Mobile",help
4266.3.27,treatment,star,man,throughout,Adults 15-44,her,CORE - Sky Publisher Player,"Desktop, Mobile",fish
4266.3.27,treatment,star,man,throughout,Adults 15-44,her,thejournal.ie,"Desktop, Mobile, App",help
4266.3.27,treatment,star,man,throughout,Adults 15-44,her,thejournal.ie,"Desktop, Mobile, App",fish
4266.3.27,treatment,star,man,throughout,Adults 15-44,her,Trinity Mirror,"Desktop, Mobile, App",help
4266.3.27,treatment,star,man,throughout,Adults 15-44,her,Trinity Mirror,"Desktop, Mobile, App",fish
4266.3.27,treatment,star,man,throughout,Adults 15-44,her,Soundcloud Video - CORE,"Desktop, Mobile, App",fish
4266.3.27,treatment,star,man,throughout,Adults 15-44,her,Rakuten - Influent Media -  Tag 2,"Desktop, Mobile, App",help
4266.3.27,treatment,star,man,throughout,Adults 15-44,her,Discovery+ Midroll - Tag 2,"Desktop, Mobile, Unknown",help
4266.3.27,treatment,star,man,throughout,Adults 15-44,her,Core - All4 - Tag 2,"Desktop, Mobile, Unknown",help
4266.3.27,treatment,star,man,throughout,Adults 15-44,her,Discovery+ Midroll - Tag 2,"Desktop, Mobile, Unknown",fish
4266.3.27,treatment,star,man,throughout,Adults 15-44,her,ClubberTV - Midroll Tag 2,"Desktop, Mobile, Unknown",fish
4266.3.27,treatment,star,man,throughout,Adults 15-44,her,ClubberTV - Midroll Tag 2,"Desktop, Mobile, Unknown",help
4266.3.27,treatment,star,man,throughout,Adults 15-44,her,Core - Samsung TV - Tag 2,"Desktop, Mobile, Unknown",help
4266.3.27,treatment,star,man,throughout,Adults 15-44,her,Core - All4 - Tag 2,"Desktop, Mobile, Unknown",fish
4266.3.27,treatment,star,man,throughout,Adults 15-44,her,Rakuten - Influent Media -  Tag 2,"Desktop, Mobile, App",fish
4266.3.27,treatment,star,man,throughout,Adults 15-44,her,Soundcloud Video - CORE,"Desktop, Mobile, App",help
4266.3.27,treatment,star,man,throughout,Adults 15-44,her,Core - Samsung TV - Tag 2,"Desktop, Mobile, Unknown",fish
4266.3.27,treatment,star,man,throughout,Adults 15-44,her,CORE - Sky Video Player - NEWS,"Desktop, Mobile",fish
4266.3.27,treatment,star,man,throughout,Adults 15-44,her,CORE - Sky Video Player - NEWS,"Desktop, Mobile",help
4266.3.27,treatment,star,man,throughout,Adults 15-44,her,CORE - Sky Video Player - SPORTS,"Desktop, Mobile",help
4266.3.27,treatment,star,man,throughout,Adults 15-44,her,CORE - Sky Video Player - SPORTS,"Desktop, Mobile",fish
4266.3.27,treatment,star,man,throughout,Adults 15-44,her,Core - VMS - Tag 3,"Desktop, Mobile, Unknown",help
4266.3.27,treatment,star,man,throughout,Adults 15-44,her,Core - VMS - Tag 3,"Desktop, Mobile, Unknown",fish
4266.3.27,treatment,star,man,throughout,Adults 15-44,her,Core - RTE - Tag 2,"Desktop, Mobile, Unknown",help
